name,reason
ülker, "Ülkerin siyasi bir tarafı desteklediği iddialarına dayandırıldı, ancak Ülker'den resmi bir açıklama gelmedi"
ülker çi̇kolata sütlü kare çi̇kolata,"Ülkerin siyasi bir tarafı desteklediği iddialarına dayandırıldı, ancak Ülker'den resmi bir açıklama gelmedi"
ülker çi̇kolata antep fistikli sütlü kare çi̇kolata,"Ülkerin siyasi bir tarafı desteklediği iddialarına dayandırıldı, ancak Ülker'den resmi bir açıklama gelmedi"
ülker çi̇kolata %60 bi̇tter kare çi̇kolata,"Ülkerin siyasi bir tarafı desteklediği iddialarına dayandırıldı, ancak Ülker'den resmi bir açıklama gelmedi"
ülker çi̇kolata findikli sütlü kare çi̇kolata,"Ülkerin siyasi bir tarafı desteklediği iddialarına dayandırıldı, ancak Ülker'den resmi bir açıklama gelmedi"
ülker çi̇kolata findikli ve üzümlü sütlü kare çi̇kolata,"Ülkerin siyasi bir tarafı desteklediği iddialarına dayandırıldı, ancak Ülker'den resmi bir açıklama gelmedi"
ülker çi̇kolata antep fistikli beyaz kare çi̇kolata,"Ülkerin siyasi bir tarafı desteklediği iddialarına dayandırıldı, ancak Ülker'den resmi bir açıklama gelmedi"
ülker çi̇kolata antep fistikli %60 bi̇tter kare çi̇kolata,"Ülkerin siyasi bir tarafı desteklediği iddialarına dayandırıldı, ancak Ülker'den resmi bir açıklama gelmedi"
ülker çi̇kolata %80 bi̇tter kare çi̇kolata,"Ülkerin siyasi bir tarafı desteklediği iddialarına dayandırıldı, ancak Ülker'den resmi bir açıklama gelmedi"
ülker çi̇kolata karadutlu %60 bi̇tter kare çi̇kolata,"Ülkerin siyasi bir tarafı desteklediği iddialarına dayandırıldı, ancak Ülker'den resmi bir açıklama gelmedi"
ülker çi̇kolata çi̇lekli̇ beyaz kare çi̇kolata,"Ülkerin siyasi bir tarafı desteklediği iddialarına dayandırıldı, ancak Ülker'den resmi bir açıklama gelmedi"
ülker golden altin kare çi̇kolata,"Ülkerin siyasi bir tarafı desteklediği iddialarına dayandırıldı, ancak Ülker'den resmi bir açıklama gelmedi"
ülker çi̇kolata şeker i̇lavesi̇z %52 bi̇tter kare çi̇kolata,"Ülkerin siyasi bir tarafı desteklediği iddialarına dayandırıldı, ancak Ülker'den resmi bir açıklama gelmedi"
ülker çi̇kolata vegan %53 bi̇tter kare çi̇kolata,"Ülkerin siyasi bir tarafı desteklediği iddialarına dayandırıldı, ancak Ülker'den resmi bir açıklama gelmedi"
ülker çikolata findik rüyasi kare çi̇kolata,"Ülkerin siyasi bir tarafı desteklediği iddialarına dayandırıldı, ancak Ülker'den resmi bir açıklama gelmedi"
ülker çikolata antep fistikli ve kadayifli kare çi̇kolata,"Ülkerin siyasi bir tarafı desteklediği iddialarına dayandırıldı, ancak Ülker'den resmi bir açıklama gelmedi"
ülker çikolata antep fistikli ve şöbiyetli kare çi̇kolata,"Ülkerin siyasi bir tarafı desteklediği iddialarına dayandırıldı, ancak Ülker'den resmi bir açıklama gelmedi"
ülker çi̇kolata sütlü baton çi̇kolata,"Ülkerin siyasi bir tarafı desteklediği iddialarına dayandırıldı, ancak Ülker'den resmi bir açıklama gelmedi"
ülker çi̇kolata antep fistikli sütlü baton çi̇kolata,"Ülkerin siyasi bir tarafı desteklediği iddialarına dayandırıldı, ancak Ülker'den resmi bir açıklama gelmedi"
ülker çi̇kolata %60 bi̇tter baton çi̇kolata,"Ülkerin siyasi bir tarafı desteklediği iddialarına dayandırıldı, ancak Ülker'den resmi bir açıklama gelmedi"
ülker çi̇kolata findikli sütlü baton çi̇kolata,"Ülkerin siyasi bir tarafı desteklediği iddialarına dayandırıldı, ancak Ülker'den resmi bir açıklama gelmedi"
ülker çi̇kolata çi̇lekli̇ beyaz baton çi̇kolata,"Ülkerin siyasi bir tarafı desteklediği iddialarına dayandırıldı, ancak Ülker'den resmi bir açıklama gelmedi"
ülker çi̇kolata findik rüyasi,"Ülkerin siyasi bir tarafı desteklediği iddialarına dayandırıldı, ancak Ülker'den resmi bir açıklama gelmedi"
ülker çi̇kolata pi̇ri̇nç patlakli sütlü i̇nce baton çi̇kolata,"Ülkerin siyasi bir tarafı desteklediği iddialarına dayandırıldı, ancak Ülker'den resmi bir açıklama gelmedi"
ülker çi̇kolata antep fistikli sütlü i̇nce baton çi̇kolata,"Ülkerin siyasi bir tarafı desteklediği iddialarına dayandırıldı, ancak Ülker'den resmi bir açıklama gelmedi"
ülker çi̇kolata pi̇ri̇nç patlakli bi̇tter i̇nce baton çi̇kolata,"Ülkerin siyasi bir tarafı desteklediği iddialarına dayandırıldı, ancak Ülker'den resmi bir açıklama gelmedi"
ülker çi̇kolata findik krokanli ve pi̇ri̇nç patlakli sütlü i̇nce baton çi̇kolata,"Ülkerin siyasi bir tarafı desteklediği iddialarına dayandırıldı, ancak Ülker'den resmi bir açıklama gelmedi"
ülker çi̇kolata portakalli pi̇ri̇nç patlakli sütlü i̇nce baton çi̇kolata,"Ülkerin siyasi bir tarafı desteklediği iddialarına dayandırıldı, ancak Ülker'den resmi bir açıklama gelmedi"
ülker çi̇kolata bi̇sküvi̇li̇ sütlü i̇nce baton çi̇kolata,"Ülkerin siyasi bir tarafı desteklediği iddialarına dayandırıldı, ancak Ülker'den resmi bir açıklama gelmedi"
ülker çi̇kolata kakaolu krema dolgulu bi̇tter fi̇nger çi̇kolata,"Ülkerin siyasi bir tarafı desteklediği iddialarına dayandırıldı, ancak Ülker'den resmi bir açıklama gelmedi"
ülker çi̇kolata kakaolu krema dolgulu sütlü fi̇nger çi̇kolata,"Ülkerin siyasi bir tarafı desteklediği iddialarına dayandırıldı, ancak Ülker'den resmi bir açıklama gelmedi"
ülker çi̇kolata findik aşki,"Ülkerin siyasi bir tarafı desteklediği iddialarına dayandırıldı, ancak Ülker'den resmi bir açıklama gelmedi"
ülker çi̇kolata dolu dolu seri̇si̇ findik tablet,"Ülkerin siyasi bir tarafı desteklediği iddialarına dayandırıldı, ancak Ülker'den resmi bir açıklama gelmedi"
ülker çi̇kolata dolu dolu seri̇si̇ badem tablet,"Ülkerin siyasi bir tarafı desteklediği iddialarına dayandırıldı, ancak Ülker'den resmi bir açıklama gelmedi"
ülker çi̇kolata %60 bi̇tter tablet çi̇kolata,"Ülkerin siyasi bir tarafı desteklediği iddialarına dayandırıldı, ancak Ülker'den resmi bir açıklama gelmedi"
ülker çi̇kolata sütlü tablet çi̇kolata,"Ülkerin siyasi bir tarafı desteklediği iddialarına dayandırıldı, ancak Ülker'den resmi bir açıklama gelmedi"
ülker çi̇kolata antep fistikli beyaz tablet çi̇kolata,"Ülkerin siyasi bir tarafı desteklediği iddialarına dayandırıldı, ancak Ülker'den resmi bir açıklama gelmedi"
ülker çi̇kolata beyaz tablet çi̇kolata,"Ülkerin siyasi bir tarafı desteklediği iddialarına dayandırıldı, ancak Ülker'den resmi bir açıklama gelmedi"
ülker çikolata be happy çilek tadinda ve patlayan şekerli tablet çi̇kolata,"Ülkerin siyasi bir tarafı desteklediği iddialarına dayandırıldı, ancak Ülker'den resmi bir açıklama gelmedi"
ülker çikolata be happy latte tadinda ve kakaolu bisküvili tablet çi̇kolata,"Ülkerin siyasi bir tarafı desteklediği iddialarına dayandırıldı, ancak Ülker'den resmi bir açıklama gelmedi"
ülker çi̇kolata meşhur dubai̇ lezzeti̇,"Ülkerin siyasi bir tarafı desteklediği iddialarına dayandırıldı, ancak Ülker'den resmi bir açıklama gelmedi"
ülker çi̇kolata napoli̇ten,"Ülkerin siyasi bir tarafı desteklediği iddialarına dayandırıldı, ancak Ülker'den resmi bir açıklama gelmedi"
caramio karamelli̇ sütlü baton,"Ülkerin siyasi bir tarafı desteklediği iddialarına dayandırıldı, ancak Ülker'den resmi bir açıklama gelmedi"
caramio karamelli̇ bi̇tter baton,"Ülkerin siyasi bir tarafı desteklediği iddialarına dayandırıldı, ancak Ülker'den resmi bir açıklama gelmedi"
carami̇o duo,"Ülkerin siyasi bir tarafı desteklediği iddialarına dayandırıldı, ancak Ülker'den resmi bir açıklama gelmedi"
caramio karamelli̇ sütlü fi̇nger,"Ülkerin siyasi bir tarafı desteklediği iddialarına dayandırıldı, ancak Ülker'den resmi bir açıklama gelmedi"
carami̇o karamelli̇ sütlü i̇nce baton,"Ülkerin siyasi bir tarafı desteklediği iddialarına dayandırıldı, ancak Ülker'den resmi bir açıklama gelmedi"
caramio karamelli̇ sütlü kare,"Ülkerin siyasi bir tarafı desteklediği iddialarına dayandırıldı, ancak Ülker'den resmi bir açıklama gelmedi"
carami̇o karamelli̇ sütlü mi̇ni̇ i̇kramlik,"Ülkerin siyasi bir tarafı desteklediği iddialarına dayandırıldı, ancak Ülker'den resmi bir açıklama gelmedi"
carami̇o karamelli̇ sütlü mi̇ni̇ paket,"Ülkerin siyasi bir tarafı desteklediği iddialarına dayandırıldı, ancak Ülker'den resmi bir açıklama gelmedi"
ülker beyaz pul çi̇kolata,"Ülkerin siyasi bir tarafı desteklediği iddialarına dayandırıldı, ancak Ülker'den resmi bir açıklama gelmedi"
ülker bi̇tter pul çi̇kolata,"Ülkerin siyasi bir tarafı desteklediği iddialarına dayandırıldı, ancak Ülker'den resmi bir açıklama gelmedi"
ülker bi̇tter damla çi̇kolata,"Ülkerin siyasi bir tarafı desteklediği iddialarına dayandırıldı, ancak Ülker'den resmi bir açıklama gelmedi"
ülker bi̇tter kuvertür çi̇kolata,"Ülkerin siyasi bir tarafı desteklediği iddialarına dayandırıldı, ancak Ülker'den resmi bir açıklama gelmedi"
ülker kakao,"Ülkerin siyasi bir tarafı desteklediği iddialarına dayandırıldı, ancak Ülker'den resmi bir açıklama gelmedi"
ülker kakao,"Ülkerin siyasi bir tarafı desteklediği iddialarına dayandırıldı, ancak Ülker'den resmi bir açıklama gelmedi"
albeni̇ klasi̇k,"Ülkerin siyasi bir tarafı desteklediği iddialarına dayandırıldı, ancak Ülker'den resmi bir açıklama gelmedi"
albeni̇ büyük boy,"Ülkerin siyasi bir tarafı desteklediği iddialarına dayandırıldı, ancak Ülker'den resmi bir açıklama gelmedi"
albeni̇ vi̇va,"Ülkerin siyasi bir tarafı desteklediği iddialarına dayandırıldı, ancak Ülker'den resmi bir açıklama gelmedi"
albeni̇ kurabi̇yem,"Ülkerin siyasi bir tarafı desteklediği iddialarına dayandırıldı, ancak Ülker'den resmi bir açıklama gelmedi"
albeni̇ atiştirmalik,"Ülkerin siyasi bir tarafı desteklediği iddialarına dayandırıldı, ancak Ülker'den resmi bir açıklama gelmedi"
albeni̇ tane tane kutu,"Ülkerin siyasi bir tarafı desteklediği iddialarına dayandırıldı, ancak Ülker'den resmi bir açıklama gelmedi"
albeni̇ tane tane,"Ülkerin siyasi bir tarafı desteklediği iddialarına dayandırıldı, ancak Ülker'den resmi bir açıklama gelmedi"
albeni̇ mi̇ni̇ paket,"Ülkerin siyasi bir tarafı desteklediği iddialarına dayandırıldı, ancak Ülker'den resmi bir açıklama gelmedi"
albeni̇ paylaşmalik paket,"Ülkerin siyasi bir tarafı desteklediği iddialarına dayandırıldı, ancak Ülker'den resmi bir açıklama gelmedi"
albeni̇ mi̇ni̇ i̇kramlik,"Ülkerin siyasi bir tarafı desteklediği iddialarına dayandırıldı, ancak Ülker'den resmi bir açıklama gelmedi"
albeni̇ bar kek,"Ülkerin siyasi bir tarafı desteklediği iddialarına dayandırıldı, ancak Ülker'den resmi bir açıklama gelmedi"
alpella 3gen gofret sütlü,"Ülkerin siyasi bir tarafı desteklediği iddialarına dayandırıldı, ancak Ülker'den resmi bir açıklama gelmedi"
alpella 3gen gofret beyaz,"Ülkerin siyasi bir tarafı desteklediği iddialarına dayandırıldı, ancak Ülker'den resmi bir açıklama gelmedi"
alpella mi̇ni̇ rulo pasta sütlü kremali,"Ülkerin siyasi bir tarafı desteklediği iddialarına dayandırıldı, ancak Ülker'den resmi bir açıklama gelmedi"
coco star hi̇ndi̇stan cevi̇zli̇ bar,"Ülkerin siyasi bir tarafı desteklediği iddialarına dayandırıldı, ancak Ülker'den resmi bir açıklama gelmedi"
coco star 5’li̇ paylaşmalik paket,"Ülkerin siyasi bir tarafı desteklediği iddialarına dayandırıldı, ancak Ülker'den resmi bir açıklama gelmedi"
coco star atiştirmalik,"Ülkerin siyasi bir tarafı desteklediği iddialarına dayandırıldı, ancak Ülker'den resmi bir açıklama gelmedi"
coco star atiştirmalik büyük boy,"Ülkerin siyasi bir tarafı desteklediği iddialarına dayandırıldı, ancak Ülker'den resmi bir açıklama gelmedi"
coco star i̇kramlik,"Ülkerin siyasi bir tarafı desteklediği iddialarına dayandırıldı, ancak Ülker'den resmi bir açıklama gelmedi"
cocostar atiştirmalik,"Ülkerin siyasi bir tarafı desteklediği iddialarına dayandırıldı, ancak Ülker'den resmi bir açıklama gelmedi"
çokomi̇lk,"Ülkerin siyasi bir tarafı desteklediği iddialarına dayandırıldı, ancak Ülker'den resmi bir açıklama gelmedi"
çokonat,"Ülkerin siyasi bir tarafı desteklediği iddialarına dayandırıldı, ancak Ülker'den resmi bir açıklama gelmedi"
çokonat 3’lü paylaşmalik paket,"Ülkerin siyasi bir tarafı desteklediği iddialarına dayandırıldı, ancak Ülker'den resmi bir açıklama gelmedi"
di̇do klasi̇k,"Ülkerin siyasi bir tarafı desteklediği iddialarına dayandırıldı, ancak Ülker'den resmi bir açıklama gelmedi"
di̇do tri̇o,"Ülkerin siyasi bir tarafı desteklediği iddialarına dayandırıldı, ancak Ülker'den resmi bir açıklama gelmedi"
di̇do vi̇şne’si̇,"Ülkerin siyasi bir tarafı desteklediği iddialarına dayandırıldı, ancak Ülker'den resmi bir açıklama gelmedi"
di̇do karamel,"Ülkerin siyasi bir tarafı desteklediği iddialarına dayandırıldı, ancak Ülker'den resmi bir açıklama gelmedi"
di̇do frambuaz,"Ülkerin siyasi bir tarafı desteklediği iddialarına dayandırıldı, ancak Ülker'den resmi bir açıklama gelmedi"
di̇do kare,"Ülkerin siyasi bir tarafı desteklediği iddialarına dayandırıldı, ancak Ülker'den resmi bir açıklama gelmedi"
halley,"Ülkerin siyasi bir tarafı desteklediği iddialarına dayandırıldı, ancak Ülker'den resmi bir açıklama gelmedi"
halley atiştirmalik,"Ülkerin siyasi bir tarafı desteklediği iddialarına dayandırıldı, ancak Ülker'den resmi bir açıklama gelmedi"
halley atiştirmalik karadutlu,"Ülkerin siyasi bir tarafı desteklediği iddialarına dayandırıldı, ancak Ülker'den resmi bir açıklama gelmedi"
halley atiştirmalik muzlu,"Ülkerin siyasi bir tarafı desteklediği iddialarına dayandırıldı, ancak Ülker'den resmi bir açıklama gelmedi"
halley klasi̇k,"Ülkerin siyasi bir tarafı desteklediği iddialarına dayandırıldı, ancak Ülker'den resmi bir açıklama gelmedi"
halley karadutlu,"Ülkerin siyasi bir tarafı desteklediği iddialarına dayandırıldı, ancak Ülker'den resmi bir açıklama gelmedi"
halley karamelli̇,"Ülkerin siyasi bir tarafı desteklediği iddialarına dayandırıldı, ancak Ülker'den resmi bir açıklama gelmedi"
halley muzlu,"Ülkerin siyasi bir tarafı desteklediği iddialarına dayandırıldı, ancak Ülker'den resmi bir açıklama gelmedi"
halley beyaz,"Ülkerin siyasi bir tarafı desteklediği iddialarına dayandırıldı, ancak Ülker'den resmi bir açıklama gelmedi"
halley 2'li̇ ekonomi̇k paket,"Ülkerin siyasi bir tarafı desteklediği iddialarına dayandırıldı, ancak Ülker'den resmi bir açıklama gelmedi"
halley mi̇ni̇ poşet,"Ülkerin siyasi bir tarafı desteklediği iddialarına dayandırıldı, ancak Ülker'den resmi bir açıklama gelmedi"
hobby çi̇kolata,"Ülkerin siyasi bir tarafı desteklediği iddialarına dayandırıldı, ancak Ülker'den resmi bir açıklama gelmedi"
hobby çi̇kolata mi̇ni̇ poşet,"Ülkerin siyasi bir tarafı desteklediği iddialarına dayandırıldı, ancak Ülker'den resmi bir açıklama gelmedi"
hobby çi̇kolata mi̇ni̇ kutu,"Ülkerin siyasi bir tarafı desteklediği iddialarına dayandırıldı, ancak Ülker'den resmi bir açıklama gelmedi"
lavi̇va klasi̇k,"Ülkerin siyasi bir tarafı desteklediği iddialarına dayandırıldı, ancak Ülker'den resmi bir açıklama gelmedi"
lavi̇va sütlü dolgulu,"Ülkerin siyasi bir tarafı desteklediği iddialarına dayandırıldı, ancak Ülker'den resmi bir açıklama gelmedi"
lavi̇va li̇monlu cheesecake,"Ülkerin siyasi bir tarafı desteklediği iddialarına dayandırıldı, ancak Ülker'den resmi bir açıklama gelmedi"
metro klasi̇k,"Ülkerin siyasi bir tarafı desteklediği iddialarına dayandırıldı, ancak Ülker'den resmi bir açıklama gelmedi"
metro büyük boy,"Ülkerin siyasi bir tarafı desteklediği iddialarına dayandırıldı, ancak Ülker'den resmi bir açıklama gelmedi"
metro bi̇g 3,"Ülkerin siyasi bir tarafı desteklediği iddialarına dayandırıldı, ancak Ülker'den resmi bir açıklama gelmedi"
metro protei̇n,"Ülkerin siyasi bir tarafı desteklediği iddialarına dayandırıldı, ancak Ülker'den resmi bir açıklama gelmedi"
metro yer fistikli bal & kaymak aromali bar,"Ülkerin siyasi bir tarafı desteklediği iddialarına dayandırıldı, ancak Ülker'den resmi bir açıklama gelmedi"
metro paylaşmalik paket,"Ülkerin siyasi bir tarafı desteklediği iddialarına dayandırıldı, ancak Ülker'den resmi bir açıklama gelmedi"
metro mi̇ni̇,"Ülkerin siyasi bir tarafı desteklediği iddialarına dayandırıldı, ancak Ülker'den resmi bir açıklama gelmedi"
pi̇ko portakalli bar,"Ülkerin siyasi bir tarafı desteklediği iddialarına dayandırıldı, ancak Ülker'den resmi bir açıklama gelmedi"
ülker mi̇ni̇ all star,"Ülkerin siyasi bir tarafı desteklediği iddialarına dayandırıldı, ancak Ülker'den resmi bir açıklama gelmedi"
ülker çi̇kolatali gofret sütlü çi̇kolatali,"Ülkerin siyasi bir tarafı desteklediği iddialarına dayandırıldı, ancak Ülker'den resmi bir açıklama gelmedi"
ülker çi̇kolatali gofret bi̇tter çi̇kolatali,"Ülkerin siyasi bir tarafı desteklediği iddialarına dayandırıldı, ancak Ülker'den resmi bir açıklama gelmedi"
ülker çi̇kolatali gofret beyaz çi̇kolatali,"Ülkerin siyasi bir tarafı desteklediği iddialarına dayandırıldı, ancak Ülker'den resmi bir açıklama gelmedi"
ülker çi̇kolatali gofret 4’lü paylaşmalik paket,"Ülkerin siyasi bir tarafı desteklediği iddialarına dayandırıldı, ancak Ülker'den resmi bir açıklama gelmedi"
ülker çi̇kolatali gofret mi̇ni̇ paket,"Ülkerin siyasi bir tarafı desteklediği iddialarına dayandırıldı, ancak Ülker'den resmi bir açıklama gelmedi"
ülker çi̇kolatali gofret extra sütlü çi̇kolatali,"Ülkerin siyasi bir tarafı desteklediği iddialarına dayandırıldı, ancak Ülker'den resmi bir açıklama gelmedi"
ülker çi̇kolatali gofret extra bi̇tter çi̇kolatali,"Ülkerin siyasi bir tarafı desteklediği iddialarına dayandırıldı, ancak Ülker'den resmi bir açıklama gelmedi"
ülker çi̇kolatali gofret mcvitie’s bi̇sküvi̇li̇,"Ülkerin siyasi bir tarafı desteklediği iddialarına dayandırıldı, ancak Ülker'den resmi bir açıklama gelmedi"
ülker çi̇kolatali gofret maxi̇,"Ülkerin siyasi bir tarafı desteklediği iddialarına dayandırıldı, ancak Ülker'den resmi bir açıklama gelmedi"
findik aşki,"Ülkerin siyasi bir tarafı desteklediği iddialarına dayandırıldı, ancak Ülker'den resmi bir açıklama gelmedi"
ülker findik aşki,"Ülkerin siyasi bir tarafı desteklediği iddialarına dayandırıldı, ancak Ülker'den resmi bir açıklama gelmedi"
findik aşki paylaşmalik 3'lü paket,"Ülkerin siyasi bir tarafı desteklediği iddialarına dayandırıldı, ancak Ülker'den resmi bir açıklama gelmedi"
findik aşki sharing pack,"Ülkerin siyasi bir tarafı desteklediği iddialarına dayandırıldı, ancak Ülker'den resmi bir açıklama gelmedi"
çokokrem tüp,"Ülkerin siyasi bir tarafı desteklediği iddialarına dayandırıldı, ancak Ülker'den resmi bir açıklama gelmedi"
çokokrem blister,"Ülkerin siyasi bir tarafı desteklediği iddialarına dayandırıldı, ancak Ülker'den resmi bir açıklama gelmedi"
çokokrem blister,"Ülkerin siyasi bir tarafı desteklediği iddialarına dayandırıldı, ancak Ülker'den resmi bir açıklama gelmedi"
çokokrem kase,"Ülkerin siyasi bir tarafı desteklediği iddialarına dayandırıldı, ancak Ülker'den resmi bir açıklama gelmedi"
çokokrem kase,"Ülkerin siyasi bir tarafı desteklediği iddialarına dayandırıldı, ancak Ülker'den resmi bir açıklama gelmedi"
çokokrem kase,"Ülkerin siyasi bir tarafı desteklediği iddialarına dayandırıldı, ancak Ülker'den resmi bir açıklama gelmedi"
çokokrem cam kavanoz,"Ülkerin siyasi bir tarafı desteklediği iddialarına dayandırıldı, ancak Ülker'den resmi bir açıklama gelmedi"
çokokrem cam kavanoz,"Ülkerin siyasi bir tarafı desteklediği iddialarına dayandırıldı, ancak Ülker'den resmi bir açıklama gelmedi"
çokokrem findik ezmesi̇,"Ülkerin siyasi bir tarafı desteklediği iddialarına dayandırıldı, ancak Ülker'den resmi bir açıklama gelmedi"
hobby,"Ülkerin siyasi bir tarafı desteklediği iddialarına dayandırıldı, ancak Ülker'den resmi bir açıklama gelmedi"
hobby,"Ülkerin siyasi bir tarafı desteklediği iddialarına dayandırıldı, ancak Ülker'den resmi bir açıklama gelmedi"
hobby kakaolu findikli krema,"Ülkerin siyasi bir tarafı desteklediği iddialarına dayandırıldı, ancak Ülker'den resmi bir açıklama gelmedi"
hobby kakaolu findikli krema,"Ülkerin siyasi bir tarafı desteklediği iddialarına dayandırıldı, ancak Ülker'den resmi bir açıklama gelmedi"
alpella kakaolu findikli krema,"Ülkerin siyasi bir tarafı desteklediği iddialarına dayandırıldı, ancak Ülker'den resmi bir açıklama gelmedi"
bi̇skrem kakaolu,"Ülkerin siyasi bir tarafı desteklediği iddialarına dayandırıldı, ancak Ülker'den resmi bir açıklama gelmedi"
bi̇skrem kakaolu büyük boy,"Ülkerin siyasi bir tarafı desteklediği iddialarına dayandırıldı, ancak Ülker'den resmi bir açıklama gelmedi"
bi̇skrem poşet,"Ülkerin siyasi bir tarafı desteklediği iddialarına dayandırıldı, ancak Ülker'den resmi bir açıklama gelmedi"
bi̇skrem extra kakaolu kremali,"Ülkerin siyasi bir tarafı desteklediği iddialarına dayandırıldı, ancak Ülker'den resmi bir açıklama gelmedi"
bi̇skrem vi̇şneli̇ çi̇kolatali,"Ülkerin siyasi bir tarafı desteklediği iddialarına dayandırıldı, ancak Ülker'den resmi bir açıklama gelmedi"
bi̇skrem duble keşi̇f,"Ülkerin siyasi bir tarafı desteklediği iddialarına dayandırıldı, ancak Ülker'den resmi bir açıklama gelmedi"
bi̇skrem cookie,"Ülkerin siyasi bir tarafı desteklediği iddialarına dayandırıldı, ancak Ülker'den resmi bir açıklama gelmedi"
bi̇skrem portakalli,"Ülkerin siyasi bir tarafı desteklediği iddialarına dayandırıldı, ancak Ülker'den resmi bir açıklama gelmedi"
canpare findik kremali,"Ülkerin siyasi bir tarafı desteklediği iddialarına dayandırıldı, ancak Ülker'den resmi bir açıklama gelmedi"
canpare çi̇kolata kremali,"Ülkerin siyasi bir tarafı desteklediği iddialarına dayandırıldı, ancak Ülker'den resmi bir açıklama gelmedi"
çokomel sade,"Ülkerin siyasi bir tarafı desteklediği iddialarına dayandırıldı, ancak Ülker'den resmi bir açıklama gelmedi"
çokomel çi̇lekli̇,"Ülkerin siyasi bir tarafı desteklediği iddialarına dayandırıldı, ancak Ülker'den resmi bir açıklama gelmedi"
çokomel 3'lü sade,"Ülkerin siyasi bir tarafı desteklediği iddialarına dayandırıldı, ancak Ülker'den resmi bir açıklama gelmedi"
çokomel 3'lü çi̇lekli̇,"Ülkerin siyasi bir tarafı desteklediği iddialarına dayandırıldı, ancak Ülker'den resmi bir açıklama gelmedi"
çokomel sade poşet,"Ülkerin siyasi bir tarafı desteklediği iddialarına dayandırıldı, ancak Ülker'den resmi bir açıklama gelmedi"
çokomel çi̇lekli̇ poşet,"Ülkerin siyasi bir tarafı desteklediği iddialarına dayandırıldı, ancak Ülker'den resmi bir açıklama gelmedi"
çokoprens tekli̇,"Ülkerin siyasi bir tarafı desteklediği iddialarına dayandırıldı, ancak Ülker'den resmi bir açıklama gelmedi"
çokoprens atiştirmalik,"Ülkerin siyasi bir tarafı desteklediği iddialarına dayandırıldı, ancak Ülker'den resmi bir açıklama gelmedi"
çokoprens mi̇di̇,"Ülkerin siyasi bir tarafı desteklediği iddialarına dayandırıldı, ancak Ülker'den resmi bir açıklama gelmedi"
çokoprens 10'lu,"Ülkerin siyasi bir tarafı desteklediği iddialarına dayandırıldı, ancak Ülker'den resmi bir açıklama gelmedi"
çokoprens 20'li,"Ülkerin siyasi bir tarafı desteklediği iddialarına dayandırıldı, ancak Ülker'den resmi bir açıklama gelmedi"
çokoprens atiştirmalik 3'lü paket,"Ülkerin siyasi bir tarafı desteklediği iddialarına dayandırıldı, ancak Ülker'den resmi bir açıklama gelmedi"
çokoprens dark,"Ülkerin siyasi bir tarafı desteklediği iddialarına dayandırıldı, ancak Ülker'den resmi bir açıklama gelmedi"
çokoprens dark paket,"Ülkerin siyasi bir tarafı desteklediği iddialarına dayandırıldı, ancak Ülker'den resmi bir açıklama gelmedi"
hanimeller çokodamla,"Ülkerin siyasi bir tarafı desteklediği iddialarına dayandırıldı, ancak Ülker'den resmi bir açıklama gelmedi"
hanimeller findikli,"Ülkerin siyasi bir tarafı desteklediği iddialarına dayandırıldı, ancak Ülker'den resmi bir açıklama gelmedi"
hanimeller alaçati kurabi̇yesi̇ rulo paket,"Ülkerin siyasi bir tarafı desteklediği iddialarına dayandırıldı, ancak Ülker'den resmi bir açıklama gelmedi"
hanimeller mahlepli̇ tuzlu kurabi̇ye,"Ülkerin siyasi bir tarafı desteklediği iddialarına dayandırıldı, ancak Ülker'den resmi bir açıklama gelmedi"
hanimeller li̇monlu ve beyaz çi̇kolatali kurabi̇ye,"Ülkerin siyasi bir tarafı desteklediği iddialarına dayandırıldı, ancak Ülker'den resmi bir açıklama gelmedi"
hanimeller çokodolu,"Ülkerin siyasi bir tarafı desteklediği iddialarına dayandırıldı, ancak Ülker'den resmi bir açıklama gelmedi"
hanimeller zeyti̇nli̇,"Ülkerin siyasi bir tarafı desteklediği iddialarına dayandırıldı, ancak Ülker'den resmi bir açıklama gelmedi"
hanimeller alaçati kurabi̇yesi̇ poşet,"Ülkerin siyasi bir tarafı desteklediği iddialarına dayandırıldı, ancak Ülker'den resmi bir açıklama gelmedi"
hanimeller çokodamla poşet,"Ülkerin siyasi bir tarafı desteklediği iddialarına dayandırıldı, ancak Ülker'den resmi bir açıklama gelmedi"
hanimeller asorti̇ poşet,"Ülkerin siyasi bir tarafı desteklediği iddialarına dayandırıldı, ancak Ülker'den resmi bir açıklama gelmedi"
hanimeller tuzlu kurabi̇ye poşet,"Ülkerin siyasi bir tarafı desteklediği iddialarına dayandırıldı, ancak Ülker'den resmi bir açıklama gelmedi"
hanimeller tereyağli kurabi̇ye poşet,"Ülkerin siyasi bir tarafı desteklediği iddialarına dayandırıldı, ancak Ülker'den resmi bir açıklama gelmedi"
hanimeller frambuazli,"Ülkerin siyasi bir tarafı desteklediği iddialarına dayandırıldı, ancak Ülker'den resmi bir açıklama gelmedi"
haylayf şekerli̇ bi̇sküvi̇,"Ülkerin siyasi bir tarafı desteklediği iddialarına dayandırıldı, ancak Ülker'den resmi bir açıklama gelmedi"
haylayf şekerli̇ bi̇sküvi̇ 4'lü paket,"Ülkerin siyasi bir tarafı desteklediği iddialarına dayandırıldı, ancak Ülker'den resmi bir açıklama gelmedi"
haylayf mi̇ni̇ şekerli̇ bi̇sküvi̇,"Ülkerin siyasi bir tarafı desteklediği iddialarına dayandırıldı, ancak Ülker'den resmi bir açıklama gelmedi"
i̇kram sütlü çi̇kolatali,"Ülkerin siyasi bir tarafı desteklediği iddialarına dayandırıldı, ancak Ülker'den resmi bir açıklama gelmedi"
i̇kram findikli,"Ülkerin siyasi bir tarafı desteklediği iddialarına dayandırıldı, ancak Ülker'den resmi bir açıklama gelmedi"
i̇kram sütlü çi̇kolatali 3'lü paket,"Ülkerin siyasi bir tarafı desteklediği iddialarına dayandırıldı, ancak Ülker'den resmi bir açıklama gelmedi"
i̇kram findikli 3'lü paket,"Ülkerin siyasi bir tarafı desteklediği iddialarına dayandırıldı, ancak Ülker'den resmi bir açıklama gelmedi"
kat kat tat kakaolu findik kremali,"Ülkerin siyasi bir tarafı desteklediği iddialarına dayandırıldı, ancak Ülker'den resmi bir açıklama gelmedi"
kat kat tat çi̇lekli̇,"Ülkerin siyasi bir tarafı desteklediği iddialarına dayandırıldı, ancak Ülker'den resmi bir açıklama gelmedi"
probi̇s atiştirmalik,"Ülkerin siyasi bir tarafı desteklediği iddialarına dayandırıldı, ancak Ülker'den resmi bir açıklama gelmedi"
probi̇s 10'lu,"Ülkerin siyasi bir tarafı desteklediği iddialarına dayandırıldı, ancak Ülker'den resmi bir açıklama gelmedi"
probi̇s mi̇di̇,"Ülkerin siyasi bir tarafı desteklediği iddialarına dayandırıldı, ancak Ülker'den resmi bir açıklama gelmedi"
rondo muzlu kremali,"Ülkerin siyasi bir tarafı desteklediği iddialarına dayandırıldı, ancak Ülker'den resmi bir açıklama gelmedi"
rondo çi̇lekli̇ kremali,"Ülkerin siyasi bir tarafı desteklediği iddialarına dayandırıldı, ancak Ülker'den resmi bir açıklama gelmedi"
rondo çi̇lekli̇ kremali 8'li paket,"Ülkerin siyasi bir tarafı desteklediği iddialarına dayandırıldı, ancak Ülker'den resmi bir açıklama gelmedi"
finger 5 ambalajli paket,"Ülkerin siyasi bir tarafı desteklediği iddialarına dayandırıldı, ancak Ülker'den resmi bir açıklama gelmedi"
sakliköy klasi̇k,"Ülkerin siyasi bir tarafı desteklediği iddialarına dayandırıldı, ancak Ülker'den resmi bir açıklama gelmedi"
sakliköy bi̇tter çi̇kolatali,"Ülkerin siyasi bir tarafı desteklediği iddialarına dayandırıldı, ancak Ülker'den resmi bir açıklama gelmedi"
sakliköy yulaf üzüm & i̇nci̇r,"Ülkerin siyasi bir tarafı desteklediği iddialarına dayandırıldı, ancak Ülker'den resmi bir açıklama gelmedi"
sakliköy sütlü kremali,"Ülkerin siyasi bir tarafı desteklediği iddialarına dayandırıldı, ancak Ülker'den resmi bir açıklama gelmedi"
sakliköy çi̇kolata kremali,"Ülkerin siyasi bir tarafı desteklediği iddialarına dayandırıldı, ancak Ülker'den resmi bir açıklama gelmedi"
sakliköy findik kremali,"Ülkerin siyasi bir tarafı desteklediği iddialarına dayandırıldı, ancak Ülker'den resmi bir açıklama gelmedi"
sakliköy 3'lü paket sütlü kremali,"Ülkerin siyasi bir tarafı desteklediği iddialarına dayandırıldı, ancak Ülker'den resmi bir açıklama gelmedi"
sakliköy findik kremali 3'lü paket,"Ülkerin siyasi bir tarafı desteklediği iddialarına dayandırıldı, ancak Ülker'den resmi bir açıklama gelmedi"
sakliköy çi̇kolatali ve sütlü kremali,"Ülkerin siyasi bir tarafı desteklediği iddialarına dayandırıldı, ancak Ülker'den resmi bir açıklama gelmedi"
sakliköy sütlü kremali 4'lü paket,"Ülkerin siyasi bir tarafı desteklediği iddialarına dayandırıldı, ancak Ülker'den resmi bir açıklama gelmedi"
sakliköy frambuaz kremali cheesecake,"Ülkerin siyasi bir tarafı desteklediği iddialarına dayandırıldı, ancak Ülker'den resmi bir açıklama gelmedi"
sakliköy li̇mon kremali cheesecake,"Ülkerin siyasi bir tarafı desteklediği iddialarına dayandırıldı, ancak Ülker'den resmi bir açıklama gelmedi"
sakliköy atalik kavilca buğday'li,"Ülkerin siyasi bir tarafı desteklediği iddialarına dayandırıldı, ancak Ülker'den resmi bir açıklama gelmedi"
ülker kremali sade bi̇sküvi̇,"Ülkerin siyasi bir tarafı desteklediği iddialarına dayandırıldı, ancak Ülker'den resmi bir açıklama gelmedi"
ülker kremali kakaolu bi̇sküvi̇,"Ülkerin siyasi bir tarafı desteklediği iddialarına dayandırıldı, ancak Ülker'den resmi bir açıklama gelmedi"
ülker kremali rondo çi̇lekli̇ bi̇sküvi̇,"Ülkerin siyasi bir tarafı desteklediği iddialarına dayandırıldı, ancak Ülker'den resmi bir açıklama gelmedi"
ülker kremali rondo muzlu bi̇sküvi̇,"Ülkerin siyasi bir tarafı desteklediği iddialarına dayandırıldı, ancak Ülker'den resmi bir açıklama gelmedi"
ülker kremali sade bi̇sküvi̇ mp,"Ülkerin siyasi bir tarafı desteklediği iddialarına dayandırıldı, ancak Ülker'den resmi bir açıklama gelmedi"
ülker çi̇fte lezzet bi̇sküvi̇ frambuaz soslu,"Ülkerin siyasi bir tarafı desteklediği iddialarına dayandırıldı, ancak Ülker'den resmi bir açıklama gelmedi"
ülker çi̇fte lezzet bi̇sküvi̇ çi̇kolata kremali,"Ülkerin siyasi bir tarafı desteklediği iddialarına dayandırıldı, ancak Ülker'den resmi bir açıklama gelmedi"
ülker çi̇fte lezzet bi̇sküvi̇ portakal kremali mi̇ni̇,"Ülkerin siyasi bir tarafı desteklediği iddialarına dayandırıldı, ancak Ülker'den resmi bir açıklama gelmedi"
ülker kremali sade bi̇sküvi̇ mp,"Ülkerin siyasi bir tarafı desteklediği iddialarına dayandırıldı, ancak Ülker'den resmi bir açıklama gelmedi"
ülker kremali kakaolu 4'lü,"Ülkerin siyasi bir tarafı desteklediği iddialarına dayandırıldı, ancak Ülker'den resmi bir açıklama gelmedi"
ülker kremali kakaolu 8'li̇,"Ülkerin siyasi bir tarafı desteklediği iddialarına dayandırıldı, ancak Ülker'den resmi bir açıklama gelmedi"
ülker kremali rondo çi̇lekli̇ bi̇sküvi̇ 4'lü,"Ülkerin siyasi bir tarafı desteklediği iddialarına dayandırıldı, ancak Ülker'den resmi bir açıklama gelmedi"
ülker kremali rondo çi̇lekli̇ bi̇sküvi̇ 8'li̇,"Ülkerin siyasi bir tarafı desteklediği iddialarına dayandırıldı, ancak Ülker'den resmi bir açıklama gelmedi"
ülker kremali rondo muzlu bi̇sküvi̇ 4'lü,"Ülkerin siyasi bir tarafı desteklediği iddialarına dayandırıldı, ancak Ülker'den resmi bir açıklama gelmedi"
ülker kremali rondo muzlu bi̇sküvi̇ 8'li̇,"Ülkerin siyasi bir tarafı desteklediği iddialarına dayandırıldı, ancak Ülker'den resmi bir açıklama gelmedi"
ülker kremali rondo portokalli bi̇sküvi̇ 8'li̇,"Ülkerin siyasi bir tarafı desteklediği iddialarına dayandırıldı, ancak Ülker'den resmi bir açıklama gelmedi"
dore sütlü çi̇kolatali kremali bi̇sküvi̇,"Ülkerin siyasi bir tarafı desteklediği iddialarına dayandırıldı, ancak Ülker'den resmi bir açıklama gelmedi"
kakaolu bi̇sküvi̇,"Ülkerin siyasi bir tarafı desteklediği iddialarına dayandırıldı, ancak Ülker'den resmi bir açıklama gelmedi"
pöti̇bör sade,"Ülkerin siyasi bir tarafı desteklediği iddialarına dayandırıldı, ancak Ülker'den resmi bir açıklama gelmedi"
pöti̇bör sade 3'lü,"Ülkerin siyasi bir tarafı desteklediği iddialarına dayandırıldı, ancak Ülker'den resmi bir açıklama gelmedi"
pöti̇bör sade 4'lü,"Ülkerin siyasi bir tarafı desteklediği iddialarına dayandırıldı, ancak Ülker'den resmi bir açıklama gelmedi"
pöti̇bör kakaolu,"Ülkerin siyasi bir tarafı desteklediği iddialarına dayandırıldı, ancak Ülker'den resmi bir açıklama gelmedi"
pöti̇bör kakaolu 3'lü,"Ülkerin siyasi bir tarafı desteklediği iddialarına dayandırıldı, ancak Ülker'den resmi bir açıklama gelmedi"
pöti̇bör çi̇fte kavrulmuş,"Ülkerin siyasi bir tarafı desteklediği iddialarına dayandırıldı, ancak Ülker'den resmi bir açıklama gelmedi"
pöti̇bör çi̇fte kavrulmuş 3'lü,"Ülkerin siyasi bir tarafı desteklediği iddialarına dayandırıldı, ancak Ülker'den resmi bir açıklama gelmedi"
çi̇zi̇ peyni̇rli̇ kraker,"Ülkerin siyasi bir tarafı desteklediği iddialarına dayandırıldı, ancak Ülker'den resmi bir açıklama gelmedi"
çi̇zi̇ peyni̇rli̇ kraker 4'lü paket,"Ülkerin siyasi bir tarafı desteklediği iddialarına dayandırıldı, ancak Ülker'den resmi bir açıklama gelmedi"
çi̇zi̇vi̇ç peyni̇r kremali kraker,"Ülkerin siyasi bir tarafı desteklediği iddialarına dayandırıldı, ancak Ülker'den resmi bir açıklama gelmedi"
çi̇zi̇vi̇ç peyni̇r kremali kraker 3'lü paket,"Ülkerin siyasi bir tarafı desteklediği iddialarına dayandırıldı, ancak Ülker'den resmi bir açıklama gelmedi"
çi̇zi̇ peyni̇rli̇ kremali mi̇lföy börek,"Ülkerin siyasi bir tarafı desteklediği iddialarına dayandırıldı, ancak Ülker'den resmi bir açıklama gelmedi"
çi̇zi̇ zeyti̇nyağli ve keki̇kli̇ peyni̇rli̇ kraker,"Ülkerin siyasi bir tarafı desteklediği iddialarına dayandırıldı, ancak Ülker'den resmi bir açıklama gelmedi"
çi̇zi̇vi̇ç zeyti̇nyağli ve keki̇kli̇ sandvi̇ç,"Ülkerin siyasi bir tarafı desteklediği iddialarına dayandırıldı, ancak Ülker'den resmi bir açıklama gelmedi"
çi̇zi̇ çitir tulum peyni̇ri̇ & köz bi̇ber 40gr,"Ülkerin siyasi bir tarafı desteklediği iddialarına dayandırıldı, ancak Ülker'den resmi bir açıklama gelmedi"
çi̇zi̇ çitir tulum peyni̇ri̇ & köz bi̇ber 80gr,"Ülkerin siyasi bir tarafı desteklediği iddialarına dayandırıldı, ancak Ülker'den resmi bir açıklama gelmedi"
çi̇zi̇ çitir tulum peyni̇ri̇ & köz bi̇ber 120gr,"Ülkerin siyasi bir tarafı desteklediği iddialarına dayandırıldı, ancak Ülker'den resmi bir açıklama gelmedi"
çi̇zi̇ çitir peyni̇r & soğan 40gr,"Ülkerin siyasi bir tarafı desteklediği iddialarına dayandırıldı, ancak Ülker'den resmi bir açıklama gelmedi"
çi̇zi̇ çitir peyni̇r & soğan 80gr,"Ülkerin siyasi bir tarafı desteklediği iddialarına dayandırıldı, ancak Ülker'den resmi bir açıklama gelmedi"
çi̇zi̇ çitir peyni̇r & soğan 120gr,"Ülkerin siyasi bir tarafı desteklediği iddialarına dayandırıldı, ancak Ülker'den resmi bir açıklama gelmedi"
çi̇zi̇vi̇ç peyni̇rli̇ sandvi̇ç kraker 82g,"Ülkerin siyasi bir tarafı desteklediği iddialarına dayandırıldı, ancak Ülker'den resmi bir açıklama gelmedi"
çi̇zi̇ kraker zeyti̇nyağli ve keki̇kli̇ 70gr,"Ülkerin siyasi bir tarafı desteklediği iddialarına dayandırıldı, ancak Ülker'den resmi bir açıklama gelmedi"
çubuk kraker büyük boy,"Ülkerin siyasi bir tarafı desteklediği iddialarına dayandırıldı, ancak Ülker'den resmi bir açıklama gelmedi"
çubuk kraker küçük boy,"Ülkerin siyasi bir tarafı desteklediği iddialarına dayandırıldı, ancak Ülker'den resmi bir açıklama gelmedi"
susamli çubuk kraker büyük boy,"Ülkerin siyasi bir tarafı desteklediği iddialarına dayandırıldı, ancak Ülker'den resmi bir açıklama gelmedi"
susamli çubuk kraker küçük boy,"Ülkerin siyasi bir tarafı desteklediği iddialarına dayandırıldı, ancak Ülker'den resmi bir açıklama gelmedi"
çubuk kraker ekonomi̇k boy,"Ülkerin siyasi bir tarafı desteklediği iddialarına dayandırıldı, ancak Ülker'den resmi bir açıklama gelmedi"
ülker sade çubuk kraker uzuun,"Ülkerin siyasi bir tarafı desteklediği iddialarına dayandırıldı, ancak Ülker'den resmi bir açıklama gelmedi"
kri̇spi̇ çubuk baharatli küçük boy,"Ülkerin siyasi bir tarafı desteklediği iddialarına dayandırıldı, ancak Ülker'den resmi bir açıklama gelmedi"
kri̇spi̇ çubuk peyni̇rli̇ küçük boy,"Ülkerin siyasi bir tarafı desteklediği iddialarına dayandırıldı, ancak Ülker'den resmi bir açıklama gelmedi"
kri̇spi̇ çubuk acili küçük boy,"Ülkerin siyasi bir tarafı desteklediği iddialarına dayandırıldı, ancak Ülker'den resmi bir açıklama gelmedi"
kri̇spi̇ tirtikli baharatli küçük boy,"Ülkerin siyasi bir tarafı desteklediği iddialarına dayandırıldı, ancak Ülker'den resmi bir açıklama gelmedi"
kri̇spi̇ tirtikli acili küçük boy,"Ülkerin siyasi bir tarafı desteklediği iddialarına dayandırıldı, ancak Ülker'den resmi bir açıklama gelmedi"
kri̇spi̇ çubuk baharatli büyük boy,"Ülkerin siyasi bir tarafı desteklediği iddialarına dayandırıldı, ancak Ülker'den resmi bir açıklama gelmedi"
kri̇spi̇ çubuk peyni̇rli̇ büyük boy,"Ülkerin siyasi bir tarafı desteklediği iddialarına dayandırıldı, ancak Ülker'den resmi bir açıklama gelmedi"
kri̇spi̇ çubuk acili büyük boy,"Ülkerin siyasi bir tarafı desteklediği iddialarına dayandırıldı, ancak Ülker'den resmi bir açıklama gelmedi"
kri̇spi̇ tirtikli baharatli büyük boy,"Ülkerin siyasi bir tarafı desteklediği iddialarına dayandırıldı, ancak Ülker'den resmi bir açıklama gelmedi"
kri̇spi̇ tirtikli acili büyük boy,"Ülkerin siyasi bir tarafı desteklediği iddialarına dayandırıldı, ancak Ülker'den resmi bir açıklama gelmedi"
taç kraker,"Ülkerin siyasi bir tarafı desteklediği iddialarına dayandırıldı, ancak Ülker'den resmi bir açıklama gelmedi"
taç kraker susamli çörekotlu,"Ülkerin siyasi bir tarafı desteklediği iddialarına dayandırıldı, ancak Ülker'den resmi bir açıklama gelmedi"
taç kraker 3'lü paket,"Ülkerin siyasi bir tarafı desteklediği iddialarına dayandırıldı, ancak Ülker'den resmi bir açıklama gelmedi"
taç kraker susamli çörekotlu 3'lü paket,"Ülkerin siyasi bir tarafı desteklediği iddialarına dayandırıldı, ancak Ülker'den resmi bir açıklama gelmedi"
ülker bebe bi̇sküvi̇si̇ sütlü,"Ülkerin siyasi bir tarafı desteklediği iddialarına dayandırıldı, ancak Ülker'den resmi bir açıklama gelmedi"
ülker bebe 3 tahilli tarçinli bi̇sküvi̇,"Ülkerin siyasi bir tarafı desteklediği iddialarına dayandırıldı, ancak Ülker'den resmi bir açıklama gelmedi"
bebe bi̇sküvi̇si̇ sütlü,"Ülkerin siyasi bir tarafı desteklediği iddialarına dayandırıldı, ancak Ülker'den resmi bir açıklama gelmedi"
bebe bi̇sküvi̇si̇ sütlü,"Ülkerin siyasi bir tarafı desteklediği iddialarına dayandırıldı, ancak Ülker'den resmi bir açıklama gelmedi"
9 kat tat findik kremali,"Ülkerin siyasi bir tarafı desteklediği iddialarına dayandırıldı, ancak Ülker'den resmi bir açıklama gelmedi"
9 kat tat muz kremali,"Ülkerin siyasi bir tarafı desteklediği iddialarına dayandırıldı, ancak Ülker'den resmi bir açıklama gelmedi"
9 kat tat portakalli gofret,"Ülkerin siyasi bir tarafı desteklediği iddialarına dayandırıldı, ancak Ülker'den resmi bir açıklama gelmedi"
9 kat tat i̇nce i̇nce hi̇ndi̇stan cevi̇zi̇ kremali,"Ülkerin siyasi bir tarafı desteklediği iddialarına dayandırıldı, ancak Ülker'den resmi bir açıklama gelmedi"
9 kat tat i̇nce i̇nce çi̇lek kremali,"Ülkerin siyasi bir tarafı desteklediği iddialarına dayandırıldı, ancak Ülker'den resmi bir açıklama gelmedi"
9 kat tat i̇nce i̇nce findik kremali,"Ülkerin siyasi bir tarafı desteklediği iddialarına dayandırıldı, ancak Ülker'den resmi bir açıklama gelmedi"
9 kat tat i̇nce i̇nce şekersi̇z findik kremali,"Ülkerin siyasi bir tarafı desteklediği iddialarına dayandırıldı, ancak Ülker'den resmi bir açıklama gelmedi"
9 kat tat i̇nce i̇nce şekersi̇z portakal kremali,"Ülkerin siyasi bir tarafı desteklediği iddialarına dayandırıldı, ancak Ülker'den resmi bir açıklama gelmedi"
9 kat tat rulokat çi̇kolatali,"Ülkerin siyasi bir tarafı desteklediği iddialarına dayandırıldı, ancak Ülker'den resmi bir açıklama gelmedi"
9 kat tat rulokat çi̇kolatali,"Ülkerin siyasi bir tarafı desteklediği iddialarına dayandırıldı, ancak Ülker'den resmi bir açıklama gelmedi"
9 kat tat rulokat çi̇kolatali,"Ülkerin siyasi bir tarafı desteklediği iddialarına dayandırıldı, ancak Ülker'den resmi bir açıklama gelmedi"
9 kat tat rulokat findik kremali,"Ülkerin siyasi bir tarafı desteklediği iddialarına dayandırıldı, ancak Ülker'den resmi bir açıklama gelmedi"
9 kat tat rulokat hi̇ndi̇stan cevi̇zi̇ kremali,"Ülkerin siyasi bir tarafı desteklediği iddialarına dayandırıldı, ancak Ülker'den resmi bir açıklama gelmedi"
ülker deluxe gofret vani̇lya,"Ülkerin siyasi bir tarafı desteklediği iddialarına dayandırıldı, ancak Ülker'den resmi bir açıklama gelmedi"
ülker deluxe gofret findikli,"Ülkerin siyasi bir tarafı desteklediği iddialarına dayandırıldı, ancak Ülker'den resmi bir açıklama gelmedi"
altinbaşak sade gri̇ssi̇ni̇,"Ülkerin siyasi bir tarafı desteklediği iddialarına dayandırıldı, ancak Ülker'den resmi bir açıklama gelmedi"
altinbaşak kepekli̇ gri̇ssi̇ni̇,"Ülkerin siyasi bir tarafı desteklediği iddialarına dayandırıldı, ancak Ülker'den resmi bir açıklama gelmedi"
altinbaşak çavdarli karabuğdayli gri̇ssi̇ni̇,"Ülkerin siyasi bir tarafı desteklediği iddialarına dayandırıldı, ancak Ülker'den resmi bir açıklama gelmedi"
altinbaşak çörekotlu & ki̇noali,"Ülkerin siyasi bir tarafı desteklediği iddialarına dayandırıldı, ancak Ülker'den resmi bir açıklama gelmedi"
altinbaşak yulafli kepekli̇,"Ülkerin siyasi bir tarafı desteklediği iddialarına dayandırıldı, ancak Ülker'den resmi bir açıklama gelmedi"
altinbaşak çörekotlu&ki̇noali labneli̇ sandvi̇ç kraker,"Ülkerin siyasi bir tarafı desteklediği iddialarına dayandırıldı, ancak Ülker'den resmi bir açıklama gelmedi"
altinbaşak çörekotlu & ki̇noali mi̇ni̇,"Ülkerin siyasi bir tarafı desteklediği iddialarına dayandırıldı, ancak Ülker'den resmi bir açıklama gelmedi"
altinbaşak yoğurt aromali&mevsi̇m yeşi̇lli̇kli̇ tahil ci̇psi̇,"Ülkerin siyasi bir tarafı desteklediği iddialarına dayandırıldı, ancak Ülker'den resmi bir açıklama gelmedi"
altinbaşak çörekotlu & ki̇noali,"Ülkerin siyasi bir tarafı desteklediği iddialarına dayandırıldı, ancak Ülker'den resmi bir açıklama gelmedi"
altinbaşak labneli̇ sandvi̇ç kraker 3'lü paket,"Ülkerin siyasi bir tarafı desteklediği iddialarına dayandırıldı, ancak Ülker'den resmi bir açıklama gelmedi"
altinbaşak yulafli kepekli̇ 5'li̇ paket,"Ülkerin siyasi bir tarafı desteklediği iddialarına dayandırıldı, ancak Ülker'den resmi bir açıklama gelmedi"
ülker go ahead kirmizi meyveli̇ ve bi̇tter çi̇kolatali kuruyemi̇ş bar,"Ülkerin siyasi bir tarafı desteklediği iddialarına dayandırıldı, ancak Ülker'den resmi bir açıklama gelmedi"
ülker go ahead portakalli ve bi̇tter çi̇kolatali kuruyemi̇ş bar,"Ülkerin siyasi bir tarafı desteklediği iddialarına dayandırıldı, ancak Ülker'den resmi bir açıklama gelmedi"
ülker go ahead çi̇lekli̇ ve kakaolu meyve tatlisi,"Ülkerin siyasi bir tarafı desteklediği iddialarına dayandırıldı, ancak Ülker'den resmi bir açıklama gelmedi"
ülker go ahead kuruyemi̇şli̇ ve bi̇tter çi̇kolatali meyve bar,"Ülkerin siyasi bir tarafı desteklediği iddialarına dayandırıldı, ancak Ülker'den resmi bir açıklama gelmedi"
ülker go ahead bi̇tter çi̇kolatali ve yer fistikli %20 protei̇nli̇ bar,"Ülkerin siyasi bir tarafı desteklediği iddialarına dayandırıldı, ancak Ülker'den resmi bir açıklama gelmedi"
dankek donut çi̇kolatali soslu,"Ülkerin siyasi bir tarafı desteklediği iddialarına dayandırıldı, ancak Ülker'den resmi bir açıklama gelmedi"
dankek donut marshmallowlu,"Ülkerin siyasi bir tarafı desteklediği iddialarına dayandırıldı, ancak Ülker'den resmi bir açıklama gelmedi"
dankek 8 kek orman meyveli̇,"Ülkerin siyasi bir tarafı desteklediği iddialarına dayandırıldı, ancak Ülker'den resmi bir açıklama gelmedi"
dankek tart kek çi̇lekli̇,"Ülkerin siyasi bir tarafı desteklediği iddialarına dayandırıldı, ancak Ülker'den resmi bir açıklama gelmedi"
dankek baton kakaolu,"Ülkerin siyasi bir tarafı desteklediği iddialarına dayandırıldı, ancak Ülker'den resmi bir açıklama gelmedi"
dankek baton mozai̇k,"Ülkerin siyasi bir tarafı desteklediği iddialarına dayandırıldı, ancak Ülker'den resmi bir açıklama gelmedi"
dankek baton meyveli̇,"Ülkerin siyasi bir tarafı desteklediği iddialarına dayandırıldı, ancak Ülker'den resmi bir açıklama gelmedi"
dankek baton kek çi̇kolatali soslu,"Ülkerin siyasi bir tarafı desteklediği iddialarına dayandırıldı, ancak Ülker'den resmi bir açıklama gelmedi"
baton kek mandali̇na soslu,"Ülkerin siyasi bir tarafı desteklediği iddialarına dayandırıldı, ancak Ülker'den resmi bir açıklama gelmedi"
dankek tart kek portakalli,"Ülkerin siyasi bir tarafı desteklediği iddialarına dayandırıldı, ancak Ülker'den resmi bir açıklama gelmedi"
dankek rulo pasta çi̇kolatali,"Ülkerin siyasi bir tarafı desteklediği iddialarına dayandırıldı, ancak Ülker'den resmi bir açıklama gelmedi"
dankek rulo pasta muzlu,"Ülkerin siyasi bir tarafı desteklediği iddialarına dayandırıldı, ancak Ülker'den resmi bir açıklama gelmedi"
dankek rulo pasta çi̇lekli̇,"Ülkerin siyasi bir tarafı desteklediği iddialarına dayandırıldı, ancak Ülker'den resmi bir açıklama gelmedi"
dankek lokmalik üzümlü,"Ülkerin siyasi bir tarafı desteklediği iddialarına dayandırıldı, ancak Ülker'den resmi bir açıklama gelmedi"
dankek lokmalik havuçlu tarçinli,"Ülkerin siyasi bir tarafı desteklediği iddialarına dayandırıldı, ancak Ülker'den resmi bir açıklama gelmedi"
dankek lokmalik kakaolu,"Ülkerin siyasi bir tarafı desteklediği iddialarına dayandırıldı, ancak Ülker'den resmi bir açıklama gelmedi"
dankek lokmalik hi̇ndi̇stan cevi̇zli̇,"Ülkerin siyasi bir tarafı desteklediği iddialarına dayandırıldı, ancak Ülker'den resmi bir açıklama gelmedi"
dankek pöti̇ findikli kakaolu,"Ülkerin siyasi bir tarafı desteklediği iddialarına dayandırıldı, ancak Ülker'den resmi bir açıklama gelmedi"
dankek pöti̇ hi̇ndi̇stan cevi̇zli̇,"Ülkerin siyasi bir tarafı desteklediği iddialarına dayandırıldı, ancak Ülker'den resmi bir açıklama gelmedi"
dankek pöti̇ meyveli̇,"Ülkerin siyasi bir tarafı desteklediği iddialarına dayandırıldı, ancak Ülker'den resmi bir açıklama gelmedi"
dankek pöti̇ kakaolu,"Ülkerin siyasi bir tarafı desteklediği iddialarına dayandırıldı, ancak Ülker'den resmi bir açıklama gelmedi"
dankek pöti̇ havuçlu tarçinli,"Ülkerin siyasi bir tarafı desteklediği iddialarına dayandırıldı, ancak Ülker'den resmi bir açıklama gelmedi"
kekstra jölebol çi̇lekli̇,"Ülkerin siyasi bir tarafı desteklediği iddialarına dayandırıldı, ancak Ülker'den resmi bir açıklama gelmedi"
o'lala sufle çi̇kolatali,"Ülkerin siyasi bir tarafı desteklediği iddialarına dayandırıldı, ancak Ülker'den resmi bir açıklama gelmedi"
kekstra jölebol portakalli,"Ülkerin siyasi bir tarafı desteklediği iddialarına dayandırıldı, ancak Ülker'den resmi bir açıklama gelmedi"
o'lala sufle frambuazli,"Ülkerin siyasi bir tarafı desteklediği iddialarına dayandırıldı, ancak Ülker'den resmi bir açıklama gelmedi"
kekstra jölebol vi̇şne,"Ülkerin siyasi bir tarafı desteklediği iddialarına dayandırıldı, ancak Ülker'den resmi bir açıklama gelmedi"
o'lala sufle mi̇ni̇ çi̇kolatali,"Ülkerin siyasi bir tarafı desteklediği iddialarına dayandırıldı, ancak Ülker'den resmi bir açıklama gelmedi"
kekstra jölebar çi̇lekli̇,"Ülkerin siyasi bir tarafı desteklediği iddialarına dayandırıldı, ancak Ülker'den resmi bir açıklama gelmedi"
o'lala ti̇rami̇su,"Ülkerin siyasi bir tarafı desteklediği iddialarına dayandırıldı, ancak Ülker'den resmi bir açıklama gelmedi"
kekstra konfeti̇ çi̇kolata soslu,"Ülkerin siyasi bir tarafı desteklediği iddialarına dayandırıldı, ancak Ülker'den resmi bir açıklama gelmedi"
o'lala bold bar kek,"Ülkerin siyasi bir tarafı desteklediği iddialarına dayandırıldı, ancak Ülker'den resmi bir açıklama gelmedi"
o'lala waffle kek,"Ülkerin siyasi bir tarafı desteklediği iddialarına dayandırıldı, ancak Ülker'den resmi bir açıklama gelmedi"
kekstra jölebol mi̇ni̇,"Ülkerin siyasi bir tarafı desteklediği iddialarına dayandırıldı, ancak Ülker'den resmi bir açıklama gelmedi"
o’lala waffle muz & çi̇kolatali,"Ülkerin siyasi bir tarafı desteklediği iddialarına dayandırıldı, ancak Ülker'den resmi bir açıklama gelmedi"
o’lala bold mi̇ni̇,"Ülkerin siyasi bir tarafı desteklediği iddialarına dayandırıldı, ancak Ülker'den resmi bir açıklama gelmedi"
o’lala sufle mi̇ni̇ frambuazli,"Ülkerin siyasi bir tarafı desteklediği iddialarına dayandırıldı, ancak Ülker'den resmi bir açıklama gelmedi"
o’lala sufle cappuccinolu,"Ülkerin siyasi bir tarafı desteklediği iddialarına dayandırıldı, ancak Ülker'den resmi bir açıklama gelmedi"
ülker o'lala cappuccino souffles,"Ülkerin siyasi bir tarafı desteklediği iddialarına dayandırıldı, ancak Ülker'den resmi bir açıklama gelmedi"
o'lala gurme tatli seri̇si̇ profi̇terol lezzeti̇nde,"Ülkerin siyasi bir tarafı desteklediği iddialarına dayandırıldı, ancak Ülker'den resmi bir açıklama gelmedi"
o'lala gurme tatli seri̇si̇ karamelli̇ pasta lezzeti̇nde,"Ülkerin siyasi bir tarafı desteklediği iddialarına dayandırıldı, ancak Ülker'den resmi bir açıklama gelmedi"
o'lala gurme tatli seri̇si̇ kirmizi kadi̇fe pasta lezzeti̇nde,"Ülkerin siyasi bir tarafı desteklediği iddialarına dayandırıldı, ancak Ülker'den resmi bir açıklama gelmedi"
dankek magma çi̇kolatali,"Ülkerin siyasi bir tarafı desteklediği iddialarına dayandırıldı, ancak Ülker'den resmi bir açıklama gelmedi"
dankek magma karamelli̇,"Ülkerin siyasi bir tarafı desteklediği iddialarına dayandırıldı, ancak Ülker'den resmi bir açıklama gelmedi"
dankek magma mi̇ni̇ çi̇kolatali,"Ülkerin siyasi bir tarafı desteklediği iddialarına dayandırıldı, ancak Ülker'den resmi bir açıklama gelmedi"
dankek magma mi̇ni̇ karamelli̇,"Ülkerin siyasi bir tarafı desteklediği iddialarına dayandırıldı, ancak Ülker'den resmi bir açıklama gelmedi"
8kek çi̇kolatali,"Ülkerin siyasi bir tarafı desteklediği iddialarına dayandırıldı, ancak Ülker'den resmi bir açıklama gelmedi"
8kek orman meyveli̇,"Ülkerin siyasi bir tarafı desteklediği iddialarına dayandırıldı, ancak Ülker'den resmi bir açıklama gelmedi"
8kek muzlu,"Ülkerin siyasi bir tarafı desteklediği iddialarına dayandırıldı, ancak Ülker'den resmi bir açıklama gelmedi"
8kek findikli,"Ülkerin siyasi bir tarafı desteklediği iddialarına dayandırıldı, ancak Ülker'den resmi bir açıklama gelmedi"
8kek çi̇lekli̇,"Ülkerin siyasi bir tarafı desteklediği iddialarına dayandırıldı, ancak Ülker'den resmi bir açıklama gelmedi"
8kek mi̇ni̇ muzlu,"Ülkerin siyasi bir tarafı desteklediği iddialarına dayandırıldı, ancak Ülker'den resmi bir açıklama gelmedi"
oneo energy slims karişik meyve aromali,"Ülkerin siyasi bir tarafı desteklediği iddialarına dayandırıldı, ancak Ülker'den resmi bir açıklama gelmedi"
oneo energy şi̇şe karişik meyve aromali,"Ülkerin siyasi bir tarafı desteklediği iddialarına dayandırıldı, ancak Ülker'den resmi bir açıklama gelmedi"
oneo slims çi̇lek aromali,"Ülkerin siyasi bir tarafı desteklediği iddialarına dayandırıldı, ancak Ülker'den resmi bir açıklama gelmedi"
oneo slims yeşi̇l nane aromali,"Ülkerin siyasi bir tarafı desteklediği iddialarına dayandırıldı, ancak Ülker'den resmi bir açıklama gelmedi"
oneo slims nane aromali,"Ülkerin siyasi bir tarafı desteklediği iddialarına dayandırıldı, ancak Ülker'den resmi bir açıklama gelmedi"
oneo slims karpuz aromali,"Ülkerin siyasi bir tarafı desteklediği iddialarına dayandırıldı, ancak Ülker'den resmi bir açıklama gelmedi"
oneo 60 daki̇ka slims nane aromali,"Ülkerin siyasi bir tarafı desteklediği iddialarına dayandırıldı, ancak Ülker'den resmi bir açıklama gelmedi"
oneo white slims kalsiyum karbonat - nane aromali,"Ülkerin siyasi bir tarafı desteklediği iddialarına dayandırıldı, ancak Ülker'den resmi bir açıklama gelmedi"
oneo 60 daki̇ka stick nane aromali,"Ülkerin siyasi bir tarafı desteklediği iddialarına dayandırıldı, ancak Ülker'den resmi bir açıklama gelmedi"
oneo white stick kalsi̇yum karbonat - nane aromali,"Ülkerin siyasi bir tarafı desteklediği iddialarına dayandırıldı, ancak Ülker'den resmi bir açıklama gelmedi"
oneo 60 daki̇ka şi̇şe nane aromali,"Ülkerin siyasi bir tarafı desteklediği iddialarına dayandırıldı, ancak Ülker'den resmi bir açıklama gelmedi"
oneo white şi̇şe kalsi̇yum karbonat - nane aromali,"Ülkerin siyasi bir tarafı desteklediği iddialarına dayandırıldı, ancak Ülker'den resmi bir açıklama gelmedi"
oneo şi̇şe çi̇lek aromali,"Ülkerin siyasi bir tarafı desteklediği iddialarına dayandırıldı, ancak Ülker'den resmi bir açıklama gelmedi"
oneo şi̇şe nane aromali,"Ülkerin siyasi bir tarafı desteklediği iddialarına dayandırıldı, ancak Ülker'den resmi bir açıklama gelmedi"
oneo şi̇şe karpuz aromali,"Ülkerin siyasi bir tarafı desteklediği iddialarına dayandırıldı, ancak Ülker'den resmi bir açıklama gelmedi"
oneo dopdolu şi̇şe nane aromali,"Ülkerin siyasi bir tarafı desteklediği iddialarına dayandırıldı, ancak Ülker'den resmi bir açıklama gelmedi"
"oneo dopdolu şi̇şe çi̇lek, mi̇sket li̇monu ve kavun aromali","Ülkerin siyasi bir tarafı desteklediği iddialarına dayandırıldı, ancak Ülker'den resmi bir açıklama gelmedi"
oneo kutu draje nane aromali,"Ülkerin siyasi bir tarafı desteklediği iddialarına dayandırıldı, ancak Ülker'den resmi bir açıklama gelmedi"
oneo kutu draje karpuz aromali,"Ülkerin siyasi bir tarafı desteklediği iddialarına dayandırıldı, ancak Ülker'den resmi bir açıklama gelmedi"
oneo stick draje nane aromali,"Ülkerin siyasi bir tarafı desteklediği iddialarına dayandırıldı, ancak Ülker'den resmi bir açıklama gelmedi"
oneo stick draje çi̇lek aromali,"Ülkerin siyasi bir tarafı desteklediği iddialarına dayandırıldı, ancak Ülker'den resmi bir açıklama gelmedi"
oneo stick draje yeşi̇l nane aromali,"Ülkerin siyasi bir tarafı desteklediği iddialarına dayandırıldı, ancak Ülker'den resmi bir açıklama gelmedi"
oneo stick draje karpuz aromali,"Ülkerin siyasi bir tarafı desteklediği iddialarına dayandırıldı, ancak Ülker'den resmi bir açıklama gelmedi"
oneo dual böğürtlen ve ahududu aromali,"Ülkerin siyasi bir tarafı desteklediği iddialarına dayandırıldı, ancak Ülker'den resmi bir açıklama gelmedi"
oneo dual nane aromali,"Ülkerin siyasi bir tarafı desteklediği iddialarına dayandırıldı, ancak Ülker'den resmi bir açıklama gelmedi"
oneo bubble karişik meyve aromali,"Ülkerin siyasi bir tarafı desteklediği iddialarına dayandırıldı, ancak Ülker'den resmi bir açıklama gelmedi"
oneo bubble kola aromali,"Ülkerin siyasi bir tarafı desteklediği iddialarına dayandırıldı, ancak Ülker'den resmi bir açıklama gelmedi"
oneo bubble karişik meyve aromali tekli̇ sakiz,"Ülkerin siyasi bir tarafı desteklediği iddialarına dayandırıldı, ancak Ülker'den resmi bir açıklama gelmedi"
oneo bubble çi̇lekli̇ ve muzlu mi̇lkshake aromali dev draje,"Ülkerin siyasi bir tarafı desteklediği iddialarına dayandırıldı, ancak Ülker'den resmi bir açıklama gelmedi"
oneo bubble karişik meyve aromali mi̇ni̇ draje,"Ülkerin siyasi bir tarafı desteklediği iddialarına dayandırıldı, ancak Ülker'den resmi bir açıklama gelmedi"
oneo slims duo 60dk nane aromali sakiz,"Ülkerin siyasi bir tarafı desteklediği iddialarına dayandırıldı, ancak Ülker'den resmi bir açıklama gelmedi"
ülker pembo,"Ülkerin siyasi bir tarafı desteklediği iddialarına dayandırıldı, ancak Ülker'den resmi bir açıklama gelmedi"
yildiz nane aromali,"Ülkerin siyasi bir tarafı desteklediği iddialarına dayandırıldı, ancak Ülker'den resmi bir açıklama gelmedi"
yildiz çi̇lek aromali,"Ülkerin siyasi bir tarafı desteklediği iddialarına dayandırıldı, ancak Ülker'den resmi bir açıklama gelmedi"
yildiz damla sakizi aromali,"Ülkerin siyasi bir tarafı desteklediği iddialarına dayandırıldı, ancak Ülker'den resmi bir açıklama gelmedi"
yildiz tekli̇ damla sakizi aromali,"Ülkerin siyasi bir tarafı desteklediği iddialarına dayandırıldı, ancak Ülker'den resmi bir açıklama gelmedi"
yildiz 3'lü mp nane aromali,"Ülkerin siyasi bir tarafı desteklediği iddialarına dayandırıldı, ancak Ülker'den resmi bir açıklama gelmedi"
yildiz 3'lü mp çi̇lek aromali,"Ülkerin siyasi bir tarafı desteklediği iddialarına dayandırıldı, ancak Ülker'den resmi bir açıklama gelmedi"
yildiz 3'lü mp damla sakizi aromali,"Ülkerin siyasi bir tarafı desteklediği iddialarına dayandırıldı, ancak Ülker'den resmi bir açıklama gelmedi"
bonbon nane aromali,"Ülkerin siyasi bir tarafı desteklediği iddialarına dayandırıldı, ancak Ülker'den resmi bir açıklama gelmedi"
bonbon karişik meyve aromali,"Ülkerin siyasi bir tarafı desteklediği iddialarına dayandırıldı, ancak Ülker'den resmi bir açıklama gelmedi"
bonbon li̇mon aromali,"Ülkerin siyasi bir tarafı desteklediği iddialarına dayandırıldı, ancak Ülker'den resmi bir açıklama gelmedi"
bonbon kola aromali,"Ülkerin siyasi bir tarafı desteklediği iddialarına dayandırıldı, ancak Ülker'den resmi bir açıklama gelmedi"
kremi̇ni̇ çi̇lek aromali,"Ülkerin siyasi bir tarafı desteklediği iddialarına dayandırıldı, ancak Ülker'den resmi bir açıklama gelmedi"
kremi̇ni̇ ahududu aromali,"Ülkerin siyasi bir tarafı desteklediği iddialarına dayandırıldı, ancak Ülker'den resmi bir açıklama gelmedi"
kremi̇ni̇ vi̇şne aromali,"Ülkerin siyasi bir tarafı desteklediği iddialarına dayandırıldı, ancak Ülker'den resmi bir açıklama gelmedi"
kremi̇ni̇ karpuz aromali,"Ülkerin siyasi bir tarafı desteklediği iddialarına dayandırıldı, ancak Ülker'den resmi bir açıklama gelmedi"
kremini muzlu milkshake aromali,"Ülkerin siyasi bir tarafı desteklediği iddialarına dayandırıldı, ancak Ülker'den resmi bir açıklama gelmedi"
kremi̇ni̇ çi̇lekli̇ milkshake aromali,"Ülkerin siyasi bir tarafı desteklediği iddialarına dayandırıldı, ancak Ülker'den resmi bir açıklama gelmedi"
kremi̇ni̇ mi̇ni̇ çi̇lek aromali,"Ülkerin siyasi bir tarafı desteklediği iddialarına dayandırıldı, ancak Ülker'den resmi bir açıklama gelmedi"
kremi̇ni̇ mi̇ni̇ karpuz aromali,"Ülkerin siyasi bir tarafı desteklediği iddialarına dayandırıldı, ancak Ülker'den resmi bir açıklama gelmedi"
kremi̇ni̇ candy mi̇ni̇ tropi̇kal aromali,"Ülkerin siyasi bir tarafı desteklediği iddialarına dayandırıldı, ancak Ülker'den resmi bir açıklama gelmedi"
kremi̇ni̇ mi̇ni̇ i̇talyan karamel aromali,"Ülkerin siyasi bir tarafı desteklediği iddialarına dayandırıldı, ancak Ülker'den resmi bir açıklama gelmedi"
kremi̇ni̇ mi̇ni̇ muz aromali,"Ülkerin siyasi bir tarafı desteklediği iddialarına dayandırıldı, ancak Ülker'den resmi bir açıklama gelmedi"
yupo süpper jeli̇ b&d vit,"Ülkerin siyasi bir tarafı desteklediği iddialarına dayandırıldı, ancak Ülker'den resmi bir açıklama gelmedi"
yupo süpper jeli̇ c vit,"Ülkerin siyasi bir tarafı desteklediği iddialarına dayandırıldı, ancak Ülker'den resmi bir açıklama gelmedi"
yupo kola,"Ülkerin siyasi bir tarafı desteklediği iddialarına dayandırıldı, ancak Ülker'den resmi bir açıklama gelmedi"
yupo ayicik,"Ülkerin siyasi bir tarafı desteklediği iddialarına dayandırıldı, ancak Ülker'den resmi bir açıklama gelmedi"
yupo ekşi̇,"Ülkerin siyasi bir tarafı desteklediği iddialarına dayandırıldı, ancak Ülker'den resmi bir açıklama gelmedi"
yupo solucan,"Ülkerin siyasi bir tarafı desteklediği iddialarına dayandırıldı, ancak Ülker'den resmi bir açıklama gelmedi"
yupo meyve bahçesi̇,"Ülkerin siyasi bir tarafı desteklediği iddialarına dayandırıldı, ancak Ülker'den resmi bir açıklama gelmedi"
yupo portakal halkasi,"Ülkerin siyasi bir tarafı desteklediği iddialarına dayandırıldı, ancak Ülker'den resmi bir açıklama gelmedi"
yupo vampi̇r di̇ş,"Ülkerin siyasi bir tarafı desteklediği iddialarına dayandırıldı, ancak Ülker'den resmi bir açıklama gelmedi"
yupo çokojelo böğürtlen,"Ülkerin siyasi bir tarafı desteklediği iddialarına dayandırıldı, ancak Ülker'den resmi bir açıklama gelmedi"
yupo çokojole portakal,"Ülkerin siyasi bir tarafı desteklediği iddialarına dayandırıldı, ancak Ülker'den resmi bir açıklama gelmedi"
yupo draje,"Ülkerin siyasi bir tarafı desteklediği iddialarına dayandırıldı, ancak Ülker'den resmi bir açıklama gelmedi"
yupo draje,"Ülkerin siyasi bir tarafı desteklediği iddialarına dayandırıldı, ancak Ülker'den resmi bir açıklama gelmedi"
yupo draje,"Ülkerin siyasi bir tarafı desteklediği iddialarına dayandırıldı, ancak Ülker'den resmi bir açıklama gelmedi"
yupo draje,"Ülkerin siyasi bir tarafı desteklediği iddialarına dayandırıldı, ancak Ülker'den resmi bir açıklama gelmedi"
yupo draje,"Ülkerin siyasi bir tarafı desteklediği iddialarına dayandırıldı, ancak Ülker'den resmi bir açıklama gelmedi"
yupo loli̇pop portakal,"Ülkerin siyasi bir tarafı desteklediği iddialarına dayandırıldı, ancak Ülker'den resmi bir açıklama gelmedi"
yupo loli̇pop kola,"Ülkerin siyasi bir tarafı desteklediği iddialarına dayandırıldı, ancak Ülker'den resmi bir açıklama gelmedi"
yupo loli̇pop çi̇lek,"Ülkerin siyasi bir tarafı desteklediği iddialarına dayandırıldı, ancak Ülker'den resmi bir açıklama gelmedi"
yupo dev loli̇pop,"Ülkerin siyasi bir tarafı desteklediği iddialarına dayandırıldı, ancak Ülker'den resmi bir açıklama gelmedi"
yupo dev loli̇pop çi̇lek muz,"Ülkerin siyasi bir tarafı desteklediği iddialarına dayandırıldı, ancak Ülker'den resmi bir açıklama gelmedi"
yupo dev loli̇pop hi̇ndi̇stan cevi̇zi̇,"Ülkerin siyasi bir tarafı desteklediği iddialarına dayandırıldı, ancak Ülker'den resmi bir açıklama gelmedi"
yupo dev loli̇pop kola,"Ülkerin siyasi bir tarafı desteklediği iddialarına dayandırıldı, ancak Ülker'den resmi bir açıklama gelmedi"
yupo dev loli̇pop tropi̇kal,"Ülkerin siyasi bir tarafı desteklediği iddialarına dayandırıldı, ancak Ülker'den resmi bir açıklama gelmedi"
yupo dev loli̇pop pamuk şeker,"Ülkerin siyasi bir tarafı desteklediği iddialarına dayandırıldı, ancak Ülker'den resmi bir açıklama gelmedi"
ece i̇kramlik,"Ülkerin siyasi bir tarafı desteklediği iddialarına dayandırıldı, ancak Ülker'den resmi bir açıklama gelmedi"
ece findikli defi̇ne,"Ülkerin siyasi bir tarafı desteklediği iddialarına dayandırıldı, ancak Ülker'den resmi bir açıklama gelmedi"
ece findikli doypack,"Ülkerin siyasi bir tarafı desteklediği iddialarına dayandırıldı, ancak Ülker'den resmi bir açıklama gelmedi"
ece tri̇o doypack,"Ülkerin siyasi bir tarafı desteklediği iddialarına dayandırıldı, ancak Ülker'den resmi bir açıklama gelmedi"
ece findikli,"Ülkerin siyasi bir tarafı desteklediği iddialarına dayandırıldı, ancak Ülker'den resmi bir açıklama gelmedi"
ece tri̇o,"Ülkerin siyasi bir tarafı desteklediği iddialarına dayandırıldı, ancak Ülker'den resmi bir açıklama gelmedi"
ülker ece poşet,"Ülkerin siyasi bir tarafı desteklediği iddialarına dayandırıldı, ancak Ülker'den resmi bir açıklama gelmedi"
çi̇kolati̇n,"Ülkerin siyasi bir tarafı desteklediği iddialarına dayandırıldı, ancak Ülker'den resmi bir açıklama gelmedi"
çi̇kolati̇n doypack,"Ülkerin siyasi bir tarafı desteklediği iddialarına dayandırıldı, ancak Ülker'den resmi bir açıklama gelmedi"
çi̇kolati̇n poşet,"Ülkerin siyasi bir tarafı desteklediği iddialarına dayandırıldı, ancak Ülker'den resmi bir açıklama gelmedi"
buklet sütlü ve bi̇tter madlen çi̇kolata,"Ülkerin siyasi bir tarafı desteklediği iddialarına dayandırıldı, ancak Ülker'den resmi bir açıklama gelmedi"
buklet sütlü ve bi̇tter madlen çi̇kolata,"Ülkerin siyasi bir tarafı desteklediği iddialarına dayandırıldı, ancak Ülker'den resmi bir açıklama gelmedi"
buklet kakao krema dolgulu sütlü çi̇kolata,"Ülkerin siyasi bir tarafı desteklediği iddialarına dayandırıldı, ancak Ülker'den resmi bir açıklama gelmedi"
buklet krema dolgulu ve pi̇ri̇nç patlakli çi̇kolata paket,"Ülkerin siyasi bir tarafı desteklediği iddialarına dayandırıldı, ancak Ülker'den resmi bir açıklama gelmedi"
buklet krema dolgulu ve pi̇ri̇nç patlakli çi̇kolata tekli̇,"Ülkerin siyasi bir tarafı desteklediği iddialarına dayandırıldı, ancak Ülker'den resmi bir açıklama gelmedi"
buklet hi̇ndi̇stan cevi̇zi̇ kremali,"Ülkerin siyasi bir tarafı desteklediği iddialarına dayandırıldı, ancak Ülker'den resmi bir açıklama gelmedi"
toffe damla sakizi aromali,"Ülkerin siyasi bir tarafı desteklediği iddialarına dayandırıldı, ancak Ülker'den resmi bir açıklama gelmedi"
toffe karişik şekerleme,"Ülkerin siyasi bir tarafı desteklediği iddialarına dayandırıldı, ancak Ülker'den resmi bir açıklama gelmedi"
dolgulu toffe karişik meyve aromali,"Ülkerin siyasi bir tarafı desteklediği iddialarına dayandırıldı, ancak Ülker'den resmi bir açıklama gelmedi"
ülker choco toffe,"Ülkerin siyasi bir tarafı desteklediği iddialarına dayandırıldı, ancak Ülker'den resmi bir açıklama gelmedi"
toffe karamel aromali,"Ülkerin siyasi bir tarafı desteklediği iddialarına dayandırıldı, ancak Ülker'den resmi bir açıklama gelmedi"
dolgulu toffe çi̇lek aromali,"Ülkerin siyasi bir tarafı desteklediği iddialarına dayandırıldı, ancak Ülker'den resmi bir açıklama gelmedi"
dolgulu toffe li̇mon aromali,"Ülkerin siyasi bir tarafı desteklediği iddialarına dayandırıldı, ancak Ülker'den resmi bir açıklama gelmedi"
dolgulu toffe portakal aromali,"Ülkerin siyasi bir tarafı desteklediği iddialarına dayandırıldı, ancak Ülker'den resmi bir açıklama gelmedi"
dolgulu toffe vi̇şne aromali,"Ülkerin siyasi bir tarafı desteklediği iddialarına dayandırıldı, ancak Ülker'den resmi bir açıklama gelmedi"
toffe damla sakizi aromali,"Ülkerin siyasi bir tarafı desteklediği iddialarına dayandırıldı, ancak Ülker'den resmi bir açıklama gelmedi"
toffe sütlü,"Ülkerin siyasi bir tarafı desteklediği iddialarına dayandırıldı, ancak Ülker'den resmi bir açıklama gelmedi"
toffe karamel aromali,"Ülkerin siyasi bir tarafı desteklediği iddialarına dayandırıldı, ancak Ülker'den resmi bir açıklama gelmedi"
toffe böğürtlen & ahududu aromali,"Ülkerin siyasi bir tarafı desteklediği iddialarına dayandırıldı, ancak Ülker'den resmi bir açıklama gelmedi"
toffe karpuz aromali,"Ülkerin siyasi bir tarafı desteklediği iddialarına dayandırıldı, ancak Ülker'den resmi bir açıklama gelmedi"
toffe cool li̇me aromali,"Ülkerin siyasi bir tarafı desteklediği iddialarına dayandırıldı, ancak Ülker'den resmi bir açıklama gelmedi"
bonbon sütlü,"Ülkerin siyasi bir tarafı desteklediği iddialarına dayandırıldı, ancak Ülker'den resmi bir açıklama gelmedi"
bonbon sütlü tereyağli,"Ülkerin siyasi bir tarafı desteklediği iddialarına dayandırıldı, ancak Ülker'den resmi bir açıklama gelmedi"
bonbon çi̇lek aromali,"Ülkerin siyasi bir tarafı desteklediği iddialarına dayandırıldı, ancak Ülker'den resmi bir açıklama gelmedi"
bonbon elma aromali,"Ülkerin siyasi bir tarafı desteklediği iddialarına dayandırıldı, ancak Ülker'den resmi bir açıklama gelmedi"
bonbon li̇mon aromali,"Ülkerin siyasi bir tarafı desteklediği iddialarına dayandırıldı, ancak Ülker'den resmi bir açıklama gelmedi"
bonbon portakal aromali,"Ülkerin siyasi bir tarafı desteklediği iddialarına dayandırıldı, ancak Ülker'den resmi bir açıklama gelmedi"
bonbon sütlü,"Ülkerin siyasi bir tarafı desteklediği iddialarına dayandırıldı, ancak Ülker'den resmi bir açıklama gelmedi"
bonbon kahveli̇ sütlü,"Ülkerin siyasi bir tarafı desteklediği iddialarına dayandırıldı, ancak Ülker'den resmi bir açıklama gelmedi"
bonbon sütlü tereyağli,"Ülkerin siyasi bir tarafı desteklediği iddialarına dayandırıldı, ancak Ülker'den resmi bir açıklama gelmedi"
lokumcuk karişik meyve aromali,"Ülkerin siyasi bir tarafı desteklediği iddialarına dayandırıldı, ancak Ülker'den resmi bir açıklama gelmedi"
lokumcuk hedi̇yeli̇k kutu,"Ülkerin siyasi bir tarafı desteklediği iddialarına dayandırıldı, ancak Ülker'den resmi bir açıklama gelmedi"
lokumcuk böğürtlen aromali,"Ülkerin siyasi bir tarafı desteklediği iddialarına dayandırıldı, ancak Ülker'den resmi bir açıklama gelmedi"
lokumcuk elma aromali,"Ülkerin siyasi bir tarafı desteklediği iddialarına dayandırıldı, ancak Ülker'den resmi bir açıklama gelmedi"
lokumcuk karpuz aromali,"Ülkerin siyasi bir tarafı desteklediği iddialarına dayandırıldı, ancak Ülker'den resmi bir açıklama gelmedi"
lokumcuk li̇mon aromali,"Ülkerin siyasi bir tarafı desteklediği iddialarına dayandırıldı, ancak Ülker'den resmi bir açıklama gelmedi"
lokumcuk mandali̇na aromali,"Ülkerin siyasi bir tarafı desteklediği iddialarına dayandırıldı, ancak Ülker'den resmi bir açıklama gelmedi"
lokumcuk nar,"Ülkerin siyasi bir tarafı desteklediği iddialarına dayandırıldı, ancak Ülker'den resmi bir açıklama gelmedi"
lokumcuk vi̇şne aromali,"Ülkerin siyasi bir tarafı desteklediği iddialarına dayandırıldı, ancak Ülker'den resmi bir açıklama gelmedi"
beylerbeyi̇ sütlü ve bi̇tter madlen çi̇kolata,"Ülkerin siyasi bir tarafı desteklediği iddialarına dayandırıldı, ancak Ülker'den resmi bir açıklama gelmedi"
lalezar sütlü ve bi̇tter madlen çi̇kolata,"Ülkerin siyasi bir tarafı desteklediği iddialarına dayandırıldı, ancak Ülker'den resmi bir açıklama gelmedi"
select findikli krema dolgulu beyaz ve sütlü çi̇kolata,"Ülkerin siyasi bir tarafı desteklediği iddialarına dayandırıldı, ancak Ülker'den resmi bir açıklama gelmedi"
albeni̇ karamel aromali sütlü çi̇kolata,"Ülkerin siyasi bir tarafı desteklediği iddialarına dayandırıldı, ancak Ülker'den resmi bir açıklama gelmedi"
ülker albeni̇ mi̇ni̇ poşet,"Ülkerin siyasi bir tarafı desteklediği iddialarına dayandırıldı, ancak Ülker'den resmi bir açıklama gelmedi"
ülker albeni̇ i̇kramlik doypack,"Ülkerin siyasi bir tarafı desteklediği iddialarına dayandırıldı, ancak Ülker'den resmi bir açıklama gelmedi"
albeni̇ mi̇ni̇,"Ülkerin siyasi bir tarafı desteklediği iddialarına dayandırıldı, ancak Ülker'den resmi bir açıklama gelmedi"
metro mi̇ni̇,"Ülkerin siyasi bir tarafı desteklediği iddialarına dayandırıldı, ancak Ülker'den resmi bir açıklama gelmedi"
ülker çi̇kolatali gofret mi̇ni̇,"Ülkerin siyasi bir tarafı desteklediği iddialarına dayandırıldı, ancak Ülker'den resmi bir açıklama gelmedi"
cocostar mi̇ni̇ i̇kramlik,"Ülkerin siyasi bir tarafı desteklediği iddialarına dayandırıldı, ancak Ülker'den resmi bir açıklama gelmedi"
cocostar mi̇ni̇ i̇kramlik poşet,"Ülkerin siyasi bir tarafı desteklediği iddialarına dayandırıldı, ancak Ülker'den resmi bir açıklama gelmedi"
ülker cocostar i̇kramlik doypack,"Ülkerin siyasi bir tarafı desteklediği iddialarına dayandırıldı, ancak Ülker'den resmi bir açıklama gelmedi"
carami̇o mi̇ni̇ i̇kramlik,"Ülkerin siyasi bir tarafı desteklediği iddialarına dayandırıldı, ancak Ülker'den resmi bir açıklama gelmedi"
lavi̇va mi̇ni̇ i̇kramlik,"Ülkerin siyasi bir tarafı desteklediği iddialarına dayandırıldı, ancak Ülker'den resmi bir açıklama gelmedi"
lavi̇va damla,"Ülkerin siyasi bir tarafı desteklediği iddialarına dayandırıldı, ancak Ülker'den resmi bir açıklama gelmedi"
lavi̇va mi̇ni̇ poşet,"Ülkerin siyasi bir tarafı desteklediği iddialarına dayandırıldı, ancak Ülker'den resmi bir açıklama gelmedi"
halley mi̇ni̇,"Ülkerin siyasi bir tarafı desteklediği iddialarına dayandırıldı, ancak Ülker'den resmi bir açıklama gelmedi"
ülker çi̇kolata bi̇sküvi̇li̇ draje,"Ülkerin siyasi bir tarafı desteklediği iddialarına dayandırıldı, ancak Ülker'den resmi bir açıklama gelmedi"
ülker çi̇kolata findikli draje,"Ülkerin siyasi bir tarafı desteklediği iddialarına dayandırıldı, ancak Ülker'den resmi bir açıklama gelmedi"
ülker truffle findikli,"Ülkerin siyasi bir tarafı desteklediği iddialarına dayandırıldı, ancak Ülker'den resmi bir açıklama gelmedi"
ülker truffle bi̇tter,"Ülkerin siyasi bir tarafı desteklediği iddialarına dayandırıldı, ancak Ülker'den resmi bir açıklama gelmedi"
ülker truffle kutu,"Ülkerin siyasi bir tarafı desteklediği iddialarına dayandırıldı, ancak Ülker'den resmi bir açıklama gelmedi"
ülker truffle poşet,"Ülkerin siyasi bir tarafı desteklediği iddialarına dayandırıldı, ancak Ülker'den resmi bir açıklama gelmedi"
kanky bulut kornet,"Ülkerin siyasi bir tarafı desteklediği iddialarına dayandırıldı, ancak Ülker'den resmi bir açıklama gelmedi"
kanky çitir roket,"Ülkerin siyasi bir tarafı desteklediği iddialarına dayandırıldı, ancak Ülker'den resmi bir açıklama gelmedi"
kanky dolgulu süt dalgasi,"Ülkerin siyasi bir tarafı desteklediği iddialarına dayandırıldı, ancak Ülker'den resmi bir açıklama gelmedi"
kanky mi̇ni̇ yumurtalar,"Ülkerin siyasi bir tarafı desteklediği iddialarına dayandırıldı, ancak Ülker'den resmi bir açıklama gelmedi"
kanky süt çubuklari,"Ülkerin siyasi bir tarafı desteklediği iddialarına dayandırıldı, ancak Ülker'den resmi bir açıklama gelmedi"
kanky tren gofret,"Ülkerin siyasi bir tarafı desteklediği iddialarına dayandırıldı, ancak Ülker'den resmi bir açıklama gelmedi"
kanky duo kek,"Ülkerin siyasi bir tarafı desteklediği iddialarına dayandırıldı, ancak Ülker'den resmi bir açıklama gelmedi"
kanky sütlü - çi̇lekli̇ bulut kornet,"Ülkerin siyasi bir tarafı desteklediği iddialarına dayandırıldı, ancak Ülker'den resmi bir açıklama gelmedi"
"okali̇ptus, nane, mentol ve c vi̇tami̇ni̇ i̇çeren pasti̇l takvi̇ye edi̇ci̇ gida","Ülkerin siyasi bir tarafı desteklediği iddialarına dayandırıldı, ancak Ülker'den resmi bir açıklama gelmedi"
"ihlamur, li̇mon, propoli̇s ve c vi̇tami̇ni̇ i̇çeren pasti̇l takvi̇ye edi̇ci̇ gida","Ülkerin siyasi bir tarafı desteklediği iddialarına dayandırıldı, ancak Ülker'den resmi bir açıklama gelmedi"
"zencefi̇l, zerdeçal, propoli̇s ve c vi̇tami̇ni̇ i̇çeren pasti̇l takvi̇ye edi̇ci̇ gida","Ülkerin siyasi bir tarafı desteklediği iddialarına dayandırıldı, ancak Ülker'den resmi bir açıklama gelmedi"
kara mürver çi̇nko propoli̇s i̇çeren takvi̇ye edi̇ci̇ gida,"Ülkerin siyasi bir tarafı desteklediği iddialarına dayandırıldı, ancak Ülker'den resmi bir açıklama gelmedi"
ülker everwell 3’lü güç,"Ülkerin siyasi bir tarafı desteklediği iddialarına dayandırıldı, ancak Ülker'den resmi bir açıklama gelmedi"
ülker everwell kara mürver,"Ülkerin siyasi bir tarafı desteklediği iddialarına dayandırıldı, ancak Ülker'den resmi bir açıklama gelmedi"
ülker everwell c vi̇tami̇ni̇,"Ülkerin siyasi bir tarafı desteklediği iddialarına dayandırıldı, ancak Ülker'den resmi bir açıklama gelmedi"
ülker everwell defence,"Ülkerin siyasi bir tarafı desteklediği iddialarına dayandırıldı, ancak Ülker'den resmi bir açıklama gelmedi"
bi̇zi̇m yağ paket margari̇n 250g,"Ülkerin siyasi bir tarafı desteklediği iddialarına dayandırıldı, ancak Ülker'den resmi bir açıklama gelmedi"
bi̇zi̇m yağ 4'lü ekonomi̇k paket,"Ülkerin siyasi bir tarafı desteklediği iddialarına dayandırıldı, ancak Ülker'den resmi bir açıklama gelmedi"
bi̇zi̇m yağ 6'li ekonomi̇k paket,"Ülkerin siyasi bir tarafı desteklediği iddialarına dayandırıldı, ancak Ülker'den resmi bir açıklama gelmedi"
bi̇zi̇m yağ kase margari̇n 250g,"Ülkerin siyasi bir tarafı desteklediği iddialarına dayandırıldı, ancak Ülker'den resmi bir açıklama gelmedi"
bi̇zi̇m yağ kase margari̇n 500g,"Ülkerin siyasi bir tarafı desteklediği iddialarına dayandırıldı, ancak Ülker'den resmi bir açıklama gelmedi"
bi̇zi̇m yağ kahvalti keyfi̇ 250g,"Ülkerin siyasi bir tarafı desteklediği iddialarına dayandırıldı, ancak Ülker'den resmi bir açıklama gelmedi"
bi̇zi̇m ayçi̇çek yaği 1 lt,"Ülkerin siyasi bir tarafı desteklediği iddialarına dayandırıldı, ancak Ülker'den resmi bir açıklama gelmedi"
bi̇zi̇m ayçi̇çek yaği 2 lt,"Ülkerin siyasi bir tarafı desteklediği iddialarına dayandırıldı, ancak Ülker'den resmi bir açıklama gelmedi"
bi̇zi̇m ayçi̇çek yaği 5 lt,"Ülkerin siyasi bir tarafı desteklediği iddialarına dayandırıldı, ancak Ülker'den resmi bir açıklama gelmedi"
bi̇zi̇m ayçi̇çek yaği teneke 5 lt,"Ülkerin siyasi bir tarafı desteklediği iddialarına dayandırıldı, ancak Ülker'den resmi bir açıklama gelmedi"
bi̇zi̇m ayçi̇çek yaği teneke 10 lt,"Ülkerin siyasi bir tarafı desteklediği iddialarına dayandırıldı, ancak Ülker'den resmi bir açıklama gelmedi"
bi̇zi̇m ayçi̇çek yaği teneke 18 lt,"Ülkerin siyasi bir tarafı desteklediği iddialarına dayandırıldı, ancak Ülker'den resmi bir açıklama gelmedi"
bi̇zi̇m misir yaği 1 lt,"Ülkerin siyasi bir tarafı desteklediği iddialarına dayandırıldı, ancak Ülker'den resmi bir açıklama gelmedi"
bi̇zi̇m misir yaği 2 lt,"Ülkerin siyasi bir tarafı desteklediği iddialarına dayandırıldı, ancak Ülker'den resmi bir açıklama gelmedi"
bi̇zi̇m misir yaği 5 lt,"Ülkerin siyasi bir tarafı desteklediği iddialarına dayandırıldı, ancak Ülker'den resmi bir açıklama gelmedi"
bi̇zi̇m misir yaği teneke 5 lt,"Ülkerin siyasi bir tarafı desteklediği iddialarına dayandırıldı, ancak Ülker'den resmi bir açıklama gelmedi"
bi̇zi̇m misir yaği 10 lt,"Ülkerin siyasi bir tarafı desteklediği iddialarına dayandırıldı, ancak Ülker'den resmi bir açıklama gelmedi"
bi̇zi̇m misir yaği 18 lt,"Ülkerin siyasi bir tarafı desteklediği iddialarına dayandırıldı, ancak Ülker'den resmi bir açıklama gelmedi"
teremyağ gurme kaymakli 500ml,"Ülkerin siyasi bir tarafı desteklediği iddialarına dayandırıldı, ancak Ülker'den resmi bir açıklama gelmedi"
teremyağ yemek & hamuri̇şi̇ 425ml,"Ülkerin siyasi bir tarafı desteklediği iddialarına dayandırıldı, ancak Ülker'den resmi bir açıklama gelmedi"
teremyağ yemek & hamuri̇şi̇ 625ml,"Ülkerin siyasi bir tarafı desteklediği iddialarına dayandırıldı, ancak Ülker'den resmi bir açıklama gelmedi"
teremyağ klasi̇k paket 250g,"Ülkerin siyasi bir tarafı desteklediği iddialarına dayandırıldı, ancak Ülker'den resmi bir açıklama gelmedi"
teremyağ gurme kaymakli paket 250g,"Ülkerin siyasi bir tarafı desteklediği iddialarına dayandırıldı, ancak Ülker'den resmi bir açıklama gelmedi"
teremyağ klasi̇k 3'lü ekonomi̇k paket,"Ülkerin siyasi bir tarafı desteklediği iddialarına dayandırıldı, ancak Ülker'den resmi bir açıklama gelmedi"
teremyağ klasi̇k kase margari̇n 250 g,"Ülkerin siyasi bir tarafı desteklediği iddialarına dayandırıldı, ancak Ülker'den resmi bir açıklama gelmedi"
teremyağ klasi̇k kase margari̇n 500 g,"Ülkerin siyasi bir tarafı desteklediği iddialarına dayandırıldı, ancak Ülker'den resmi bir açıklama gelmedi"
teremyağ gurme kaymakli kase margari̇n 250g,"Ülkerin siyasi bir tarafı desteklediği iddialarına dayandırıldı, ancak Ülker'den resmi bir açıklama gelmedi"
teremyağ gurme kaymakli kase margari̇n 500g,"Ülkerin siyasi bir tarafı desteklediği iddialarına dayandırıldı, ancak Ülker'den resmi bir açıklama gelmedi"
bi̇zi̇m bereket 1.820g,"Ülkerin siyasi bir tarafı desteklediği iddialarına dayandırıldı, ancak Ülker'den resmi bir açıklama gelmedi"
bi̇zi̇m bereket 4.550g,"Ülkerin siyasi bir tarafı desteklediği iddialarına dayandırıldı, ancak Ülker'den resmi bir açıklama gelmedi"
bi̇zi̇m bereket 9.100g,"Ülkerin siyasi bir tarafı desteklediği iddialarına dayandırıldı, ancak Ülker'den resmi bir açıklama gelmedi"
bi̇zi̇m bereket 16.380g,"Ülkerin siyasi bir tarafı desteklediği iddialarına dayandırıldı, ancak Ülker'den resmi bir açıklama gelmedi"
